rgz_name,name,name:rs,name:it,name:hu,loc_name,name:etymology:wikidata,comment
1. maja,Ulica prvog maja,,,Május 1. utca,,Q47499,
43. istarske divizije,Ulica 43. istarske divizije,,Via della 43-esima Divisione Istriana,,,Q3445186,
73. samostalne bojne,Ulica 73. samostalne bojne,,,,,,
Adi Endre,Ulica Adi Endre,,,Ady Endre utca,,Q211392,
Akvilejski prilaz - Androna Aquileia,Akvilejski prilaz,,Androna Aquileia,,,,
Alberi - Alberi,Alberi,,Alberi,,,,
Aldo Negri,Ulica Alda Negrija,,Via Aldo Negri,,,,
Aleja 30. svibnja - Viale 30 maggio,Aleja 30. svibnja,,Viale 30 maggio,,,,
Aleja Georga Hutterodta - Viale Georg Hutterodt,Aleja Georga Hutterodta,,Viale Georg Hutterodt,,,,
Aleja maslina - Viale degli ulivi,Aleja maslina,,Viale degli ulivi,,,,
Aleja Ruđera Boškovića - Viale Ruđer Bošković,Aleja Ruđera Boškovića,,Viale Ruđer Bošković,,,,
Alekse Šantića,Ulica Alekse Šantića,,Via Aleksa Šantić,,,Q1285173,
Alesi - Alessi,Alesi,,Alessi,,,,
Altini - Altini,Altini,,Altini,,,,
Altini (kod Bolare) - Altini (di Bolara),Altini,,Altini,,,,
Altini (kod Šauli) - Altini (di Sauli),Altini,,Altini,,,,
Amfiteatarska ulica - Via dell'Anfiteatro,Amfiteatarska ulica,,Via dell'Anfiteatro,,,,
Androna Leme - Androna Leme,Androna Leme,,Androna Leme,,,,
Andronella - Andronella,Andronella,,Andronella,,,,
Ane Guštin,Ulica Ane Guštin,,Via Ana Guštin,,,Q115438434,
Anke Butorac,Ulica Anke Butorac,,Via Anka Butorac,,,Q3438424,
Antenal - Antenal,Antenal,,Antenal,,,,
Antenska ulica - Via dell'Antenna,Antenska ulica,,Via dell'Antenna,,,,
Anticova ulica - Via Andrea Antico,Anticova ulica,,Via Andrea Antico,,,,
Antonci - Antonzi,Antonci,,Antonzi,,,,
Antoni (Biloslavi) - Antoni (Biloslavi),Antoni,,Antoni,,,,
Argonautska ulica - Via degli Argonauti,Argonautska ulica,,Via degli Argonauti,,,,
Armanija - Armagna,Armanija,,Armagna,,,,
Arnolongo - Arnolongo,Arnolongo,,Arnolongo,,,,
Arsena Vivode Augusti.,Ulica Arsena Vivode Augustina,,Via Arsen Vivoda Augustin,,,Q10976905,
Arsenale - Arsenale,Arsenale,,Arsenale,,,,
Arsenalska ulica - Via dell'Arsenale,Arsenalska ulica,,Via dell'Arsenale,,,,
Augustov prolaz - Vicolo Augusto,Augustov prolaz,,Vicolo Augusto,,,,
Avenija Grada Vukovara - Corso Città di Vukovar,Avenija Grada Vukovara,,Corso Città di Vukovar,,,,
Babica - Babizza,Babica,,Babizza,,,,
Babići - Babici,Babići,,Babici,,,,
Baćićev prilaz - Via Boris Bačić,Baćićev prilaz,,Via Boris Bačić,,,,
Baderna - Mompaderno,Baderna,,Mompaderno,,,,
Bagremova ulica - Via delle Acacie,Bagremova ulica,,Via delle Acacie,,,,
Balbije - Balbie,Balbije,,Balbie,,,,
Balidorski prolaz - Passo dei balidori,Balidorski prolaz,,Passo dei balidori,,,,
Balini - Ballini,Balini,,Ballini,,,,
Balska ulica - Via Valle,Balska ulica,,Via Valle,,,,
Banki - Banchi,Banki,,Banchi,,,,
Bankovci - Bancovzi,Bankovci,,Bancovzi,,,,
Banovčeva ulica - Via Aldo Banovac,Banovčeva ulica,,Via Aldo Banovac,,,,
Baracija - Barazia,Baracija,,Barazia,,,,
Barbalićeva ulica - Via Fran Barbalić,Barbalićeva ulica,,Via Fran Barbalić,,,,
Barbanski prolaz - Vicolo Barbana,Barbanski prolaz,,Vicolo Barbana,,,,
Barboj - Barboi,Barboj,,Barboi,,,,
Barići - Barici,Barići,,Barici,,,,
Bašarinka - Balzarini,Bašarinka,,Balzarini,,,,
Bastianova ulica - Via Mate Bastian,Bastianova ulica,,Via Mate Bastian,,,,
Baštići - Bastici,Baštići,,Bastici,,,,
Bazjaki - Basiachi,Bazjaki,,Basiachi,,,,
Bazuja - Bazuia,Bazuja,,Bazuia,,,,
Bečka ulica - Via Vienna,Bečka ulica,,Via Vienna,,,,
Bekari - Becari,Bekari,,Becari,,,,
Belasova ulica - Via Ivo Belas,Belasova ulica,,Via Ivo Belas,,,,
Bencani - Benzani,Bencani,,Benzani,,,,
Benčićeva ulica - Via Dragomir Benčić,Benčićeva ulica,,Via Dragomir Benčić,,,,
Benčići - Bencici,Benčići,,Bencici,,,,
Benečani - Benezzani,Benečani,,Benezzani,,,,
Beninići - Beninici,Beninići,,Beninici,,,,
Benussijeva ulica - Via Berndardo Benussi,Benussijeva ulica,,Via Berndardo Benussi,,,,
Beramska,Beramska ulica,,Via Vermo,,,,
Bernarda Parentina,Ulica Bernarda Parentina,,Via Bernard Parentino,,,Q2075837,
Besenghijeva ulica - Via Pasquale Besenghi,Besenghijeva ulica,,Via Pasquale Besenghi,,,,
Bibali - Bibali,Bibali,,Bibali,,,,
Biribaci - Biribazi,Biribaci,,Biribazi,,,,
Boboći - Bobozzi,Boboći,,Bobozzi,,,,
"Bolnica oat ""dr M. H.""",Bolnica za ortopediju i rehabilitaciju doktor Martin Horvat,,,,,,
Bolnička ulica - Via dell' Ospedale,Bolnička ulica,,Via dell' Ospedale,,,,
Bonaci - Bonazzi,Bonaci,,Bonazzi,,,,
Borozija - Borosia,Borozija,,Borosia,,,,
Boškari - Boscari,Boškari,,Boscari,,,,
Boškarija - Boscaria,Boškarija,,Boscaria,,,,
Bošketo - Boschetto,Bošketo,,Boschetto,,,,
Boško - Bosco,Boško,,Bosco,,,,
Boškovićev uspon - Clivo Ruđer Bošković,Boškovićev uspon,,Clivo Ruđer Bošković,,,,
Bračka,Bračka ulica,,Via Brazza,,,Q922,
Brajki - Braichi,Brajki,,Braichi,,,,
Bratovići - Bratovici,Bratovići,,Bratovici,,,,
Bratulićev prilaz - Via Šimun Bratulić,Bratulićev prilaz,,Via Šimun Bratulić,,,Q16116061,
Bravarska ulica - Via dei Fabbri,Bravarska ulica,,Via dei Fabbri,,,,
Brdo - Berda,Brdo,,Berda,,,,
Brdska ulica - Via del Monte,Brdska ulica,,Via del Monte,,,,
Bregovita ulica - Via del Monte,Bregovita ulica,,Via del Monte,,,,
Brešani - Bressani,Brešani,,Bressani,,,,
Brestova ulica - Via degli olmi,Brestova ulica,,Via degli olmi,,,,
Brič - Briz,Brič,,Briz,,,,
Brig,Brig,,Brig,,,,
Brijunska ulica - Via Brioni,Brijunska ulica,,Via Brioni,,,,
Brionska,Brijunska ulica,,Via Brioni,,,,
Brionska ulica - Via Brioni,Brionska ulica,,Via Brioni,,,,
Brunjakova ulica - Via Josip Brunjak,Brunjakova ulica,,Via Josip Brunjak,,,,
Bruno Valenti,Ulica Brune Valentija,,Via Bruno Valenti,,,,
Brutija - Bruttia,Brutija,,Bruttia,,,,
Bucaj - Buzzai,Bucaj,,Buzzai,,,,
Bucalovići - Buzzalovici,Bucalovići,,Buzzalovici,,,,
Budicinova ulica - Via Pino Budicin,Budicinova ulica,,Via Pino Budicin,,,Q10977127,
Bujska cesta - Strada per Buie,Bujska cesta,,Strada per Buie,,,,
Bujska ulica - Via Buie,Bujska ulica,,Via Buie,,,Q397724,
Bunarska cesta - Strada dei pozzi,Bunarska cesta,,Strada dei pozzi,,,,
Bunarska ulica - Via del pozzo,Bunarska ulica,,Via del pozzo,,,,
Buonarrotijeva ulica - Via Michelangelo Buonarroti,Buonarrotijeva ulica,,Via Michelangelo Buonarroti,,,Q5592,
Buščina - Buscina,Buščina,,Buscina,,,,
Busolerska ulica - Via Busoler,Busolerska ulica,,Via Busoler,,,,
Butkovićeva ulica - Via Vid Butković,Butkovićeva ulica,,Via Vid Butković,,,,
Butori - Buttori,Butori,,Buttori,,,,
Buzećani - Busechiani,Buzećani,,Busechiani,,,,
Buzetska ulica - Via Pinguente,Buzetska ulica,,Via Pinguente,,,Q695767,
Bužin - Busin,Bužin,,Busin,,,,
Bužinija - Businia,Bužinija,,Businia,,,,
Bužleti - Busletti,Bužleti,,Busletti,,,,
Čabrnica - Zabergnizza,Čabrnica,,Zabergnizza,,,,
Čački - Ciacichi,Čački,,Ciacichi,,,,
Cademia - Cademia,Cademia,,Cademia,,,,
Caknicija - Zacnizzia,Caknicija,,Zacnizzia,,,,
Camper,Camper,,Zamper,,,,
Campitellijev trg - Piazza Campitelli,Campitellijev trg,,Piazza Campitelli,,,,
Cankarova ulica - Via Ivan Cankar,Cankarova ulica,,Via Ivan Cankar,,,Q15809,
Caprinov prilaz - Via Giuseppe Caprin,Caprinov prilaz,,Via Giuseppe Caprin,,,Q3770239,
Cardo Maximus,Ulica Cardo Maximus,,Via Cardo Maximus,,,,
Carduccijeva ulica - Via Carducci,Carduccijeva ulica,,Via Carducci,,,,
Carera - Carera,Carera,,Carera,,,,
Carlijeva ulica - Via Gianrinaldo Carli,Carlijeva ulica,,Via Gianrinaldo Carli,,,Q3762758,
Carrarina ulica - Via Giovanni Carrara,Carrarina ulica,,Via Giovanni Carrara,,,Q18758605,
Casale - Casale,Casale,,Casale,,,,
Cekini - Zechini,Cekini,,Zechini,,,,
Celega - Celega,Celega,,Celega,,,,
Čendaki - Cendachi,Čendaki,,Cendachi,,,,
Centar - Centro,Centar,,Centro,,,,
Čepić - Ceppich,Čepić,,Ceppich,,,,
Čepljani - Ceppiani,Čepljani,,Ceppiani,,,,
Cerje - Cerie,Cerje,,Cerie,,,,
Cerneccina ulica - Via Domenico Cernecca,Cerneccina ulica,,Via Domenico Cernecca,,,Q18811853,
Červar - Cervera,Červar,,Cervera,,,,
Cesta Contessa - Strada Contessa,Cesta Contessa,,Strada Contessa,,,,
Cesta prekom. brigada - Strada delle brigate d'oltremare,Cesta prekomorskih brigada,,Strada delle brigate d'oltremare,,,,
Cesta sv. Maksimijana iz Veštra - Strada s. Massimiano da Vestre,Cesta svetog Maksimijana iz Veštra,,Strada s. Massimiano da Vestre,,,,
Cesta za Mondelaco - Strada per Mondelaco,Cesta za Mondelaco,,Strada per Mondelaco,,,,
Cesta za Rovinjsko Selo - Strada per Villa di Rovigno,Cesta za Rovinjsko Selo,,Strada per Villa di Rovigno,,,,
Cesta za Škarabu - Strada per Scaraba,Cesta za Škarabu,,Strada per Scaraba,,,,
Cesta za Valaltu-Lim - Strada per Valalta-Leme,Cesta za Valaltu-Lim,,Strada per Valalta-Leme,,,,
Četvrta ulica - Quarta Strada,Četvrta ulica,,Quarta Strada,,,,
Čirkoti - Circoti,Čirkoti,,Circoti,,,,
Ciscuttijeva ulica - Via Pietro Ciscutti,Ciscuttijeva ulica,,Via Pietro Ciscutti,,,,
Clerisseauova ulica - Via Charles-Luis Clerisseau,Clerisseauova ulica,,Via Charles-Luis Clerisseau,,,,
Coattova ulica - Via Angelo Coatto,Coattova ulica,,Via Angelo Coatto,,,,
Coceicheva ul. - Via Matteo Coceich,Coceicheva ulica,,Via Matteo Coceich,,,,
Constantinijeve stube - Gradinata Costantini,Constantinijeve stube,,Gradinata Costantini,,,,
Coppova ulica - Via Pietro Coppo,Coppova ulica,,Via Pietro Coppo,,,,
Cotići - Zottici,Cotići,,Zottici,,,,
Creska,Creska ulica,,Via Cherso,,,Q13280,
Creska ulica - Via Cherso,Creska ulica,,Via Cherso,,,,
Črnci - Cernaz,Črnci,,Cernaz,,,,
Crni grad - Cernigrad,Crni grad,,Cernigrad,,,,
Črnjina ulica - Via Zvane Črnja,Črnjina ulica,,Via Zvane Črnja,,,Q10991858,
Cronache - Cronache,Cronache,,Cronache,,,,
Crveni Vrh - Monte Rosso,Crveni Vrh,,Monte Rosso,,,,
Čulihi - Zulici,Čulihi,,Zulici,,,,
Cupilija - Zupilia,Cupilija,,Zupilia,,,,
Čuši - Ciussi,Čuši,,Ciussi,,,,
Cvečićev uspon - Clivo Juraj Cvečić,Cvečićev uspon,,Clivo Juraj Cvečić,,,Q20526094,
Cvjetna ulica - Via dei Fiori,Cvjetna ulica,,Via dei Fiori,,,,
Da Vincijeva ulica - Via Leonardo Da Vinci,Da Vincijeva ulica,,Via Leonardo Da Vinci,,,Q762,
Dalmatinova ulica - Via Antun Dalmatin,Dalmatinova ulica,,Via Antun Dalmatin,,,Q12627081,
Dalmatinska,Dalmatinska ulica,,Via Dalmazia,,,Q528042,
Dalmatinska ulica - Via Dalmazia,Dalmatinska ulica,,Via Dalmazia,,,,
Danieliši - Danielisi,Danieliši,,Danielisi,,,,
Danteov trg - Piazza Dante Alighieri,Danteov trg,,Piazza Dante Alighieri,,,Q1067,
De Franceschijeva ulica - Via Camillo De Franceschi,De Franceschijeva ulica,,Via Camillo De Franceschi,,,Q88158653,
De Villeov uspon - Clivo Antoine De Ville,De Villeov uspon,,Clivo Antoine De Ville,,,Q2079269,
Decumanus,Ulica Decumanus,,Strada Granda Decumana,,,Q959042,
Denići (kod Jugovci) - Denici (di Giugovzi),Denići (kod Jugovci),,Denici (di Giugovzi),,,,
Deškovići - Descovici,Deškovići,,Descovici,,,,
Deveta ulica - Nona Strada,Deveta ulica,,Nona Strada,,,,
Digitronska ulica - Via digitron,Digitronska ulica,,Via digitron,,,,
Dinka Trinajstića,Ulica Dinka Trinajstića,,Via Dinko Trinajstić,,,Q12629832,
Divkovićeva ulica - Via Matija Divković,Divkovićeva ulica,,Via Matija Divković,,,Q3299099,
Dižjoti - Disiotti,Dižjoti,,Disiotti,,,,
Dobricheva ulica - Via Sergio Dobrich,Dobricheva ulica,,Via Sergio Dobrich,,,,
Dobrilina ulica - Via Juraj Dobrila,Dobrilina ulica,,Via Juraj Dobrila,,,Q337925,
Dobriše Cesarića - Dobriše Cesarića Utca,Ulica Dobriše Cesarića,,,Dobriša Cesarić Utca,,Q259351,
Dolinci - Dolinzi,Dolinci,,Dolinzi,,,,
Dolinska ulica - Via della Valle,Dolinska ulica,,Via della Valle,,,,
Dolinska ulica - Via Dolina,Dolinska ulica,,Via Dolina,,,,
Donja Gomila - Gomila inferiore,Donja Gomila,,Gomila inferiore,,,,
Donje Baredine - Baredine di Sotto,Donje Baredine,,Baredine di Sotto,,,,
Donji Katunari - Cattunari Valle,Donji Katunari,,Cattunari Valle,,,,
Donji Picudo - Pizzudo di Sotto,Donji Picudo,,Pizzudo di Sotto,,,,
Donji Srbani - Serbani di Sotto,Donji Srbani,,Serbani di Sotto,,,,
Dorina - Dorina,Dorina,,Dorina,,,,
Dr. Ante Šonje,Ulica doktora Ante Šonje,,Via Ante Šonje,,,Q110133734,
Draga,Draga,,Draga,,,,
Draga Gervaisa,Ulica Drage Gervaisa,,Via Drago Gervais,,,Q1563541,
Dragočevac - Dragocevaz,Dragočevac,,Dragocevaz,,,,
Dramac - Dramaz,Dramac,,Dramaz,,,,
Driovier - Driovier,Driovier,,Driovier,,,,
Druga ulica - Seconda Strada,Druga ulica,,Seconda Strada,,,,
Držićeva ulica - Via Marin Držić,Držićeva ulica,,Via Marin Držić,,,Q380525,
Đuba - Giubba,Đuba,,Giubba,,,,
Dubci - Dubzi,Dubci,,Dubzi,,,,
Dubrovačka ulica - Via Ragusa,Dubrovačka ulica,,Via Ragusa,,,,
Dudova ulica - Via dei gelsi,Dudova ulica,,Via dei gelsi,,,,
Duga ulica - Androna lunga,Duga ulica,,Androna lunga,,,,
Dugo Brdo - Semi,Dugo Brdo,,Semi,,,,
Dukićeva ulica - Via Ante Dukić,Dukićeva ulica,,Via Ante Dukić,,,Q12626975,
Dunavska,Dunavska ulica,,,Duna utca,,Q1653,
Duri-Bolara - Duri-Bolara,Duri-Bolara,,Duri-Bolara,,,,
Dvanaesta ulica - Dodicesima Strada,Dvanaesta ulica,,Dodicesima Strada,,,,
Dvigradska,Dvigradska ulica,,Via Duecastelli,,,,
Dvigradska ulica - Via Due Castelli,Dvigradska ulica,,Via Due Castelli,,,,
Emonijska ulica - Via Emonia,Emonijska ulica,,Via Emonia,,,,
Emova ulica - Via Gabriele Emo,Emova ulica,,Via Gabriele Emo,,,,
Epulonova,Epulonova ulica,,Via Epulon,,,Q80707,
Epulonova ulica - Via Epulo,Epulonova ulica,,Via Epulo,,,Q80707,
Eufrazijeva,Eufrazijeva ulica,,Via Eufrasio,,,Q20525231,
Eugena Kumičića,Ulica Eugena Kumičića,,Via Eugen Kumičić,,,Q697786,
Eugena Kvaternika,Ulica Eugena Kvaternika,,,,,Q701626,
Facchinettijeva ul. - Via Antonio Facchinetti,Facchinettijeva ulica,,Via Antonio Facchinetti,,,,
Fakini - Facchini,Fakini,,Facchini,,,,
Farnažine - Farnasine,Farnažine,,Farnasine,,,,
Fatrica - Fatrizza,Fatrica,,Fatrizza,,,,
Faverijska ulica - Via Faveria,Faverijska ulica,,Via Faveria,,,,
Fažanska cesta - Via Fasana,Fažanska cesta,,Via Fasana,,,,
Fažanska cesta-Valb.,Fažanska cesta,,Via Fasana,,,,
Fažanska ulica - Via Fasana,Fažanska ulica,,Via Fasana,,,,
Fermići - Fermici,Fermići,,Fermici,,,,
Fernetići - Fernetici,Fernetići,,Fernetici,,,,
Filarija - Filaria,Filarija,,Filaria,,,,
Fiorini - Fiorini,Fiorini,,Fiorini,,,,
Flaciusova ulica - Via Mattia Flaccio,Flaciusova ulica,,Via Mattia Flaccio,,,,
Flanatička ulica - Via Flanatica,Flanatička ulica,,Via Flanatica,,,,
Flavijevska ulica - Via Flavia,Flavijevska ulica,,Via Flavia,,,,
Flegi - Fleghi,Flegi,,Fleghi,,,,
Flegova ulica - Via Frane Flego,Flegova ulica,,Via Frane Flego,,,,
Fontera - Fontera,Fontera,,Fontera,,,,
Fontička ulica - Via del Fondaco,Fontička ulica,,Via del Fondaco,,,,
Forum - Forum,Forum,,Forum,,,,
Foškići - Foschici,Foškići,,Foschici,,,,
Franca Prešerna,Ulica Franceta Prešerna,,Via France Prešern,,,Q1031,
Frančeskija - Franceschia,Frančeskija,,Franceschia,,,,
Franci - Franzi,Franci,,Franzi,,,,
Frančići - Francici,Frančići,,Francici,,,,
Frane Glavinića,Ulica Franje Glavinića,,Via Franjo Glavinić,,,Q20525478,
Fratrici - Fratrizzi,Fratrici,,Fratrizzi,,,,
Fratrija - Fratria,Fratrija,,Fratria,,,,
Frleti - Ferletti,Frleti,,Ferletti,,,,
Funtana - Funtana,Funtana,,Funtana,,,,
Furlanski prilaz - Via dei Furlani,Furlanski prilaz,,Via dei Furlani,,,,
Fuškulin - Foscolino,Fuškulin,,Foscolino,,,,
Gadari - Gadari,Gadari,,Gadari,,,,
Gajeva ulica - Via Ljudevit Gaj,Gajeva ulica,,Via Ljudevit Gaj,,,Q352617,
Galići - Galici,Galići,,Galici,,,,
Galijotska ulica - Via dei Galeotti,Galijotska ulica,,Via dei Galeotti,,,,
Galižanska cesta - Via Gallesano,Galižanska cesta,,Via Gallesano,,,,
Galižanski odvojak - Via Gallesano,Galižanski odvojak,,Via Gallesano,,,,
Gamboci - Gambozzi,Gamboci,,Gambozzi,,,,
Gambocija - Gambozzia,Gambocija,,Gambozzia,,,,
Garbina - Garbina,Garbina,,Garbina,,,,
Garibaldijeva ulica - Via Garibaldi,Garibaldijeva ulica,,Via Garibaldi,,,,
Garzottijeva ulica - Via Garzotto,Garzottijeva ulica,,Via Garzotto,,,,
Gašpara Kalčića,Ulica Gašpara Kalčića,,Via Gašpar Kalčić,,,,
Gervaisova ulica - Via Drago Gervais,Gervaisova ulica,,Via Drago Gervais,,,,
Get - Ghetto,Get,,Ghetto,,,,
Giardini - Giardini,Giardini,,Giardini,,,,
Gimnastička,Gimnastička ulica,,Via della ginnastica,,,,
Ginzkeyeva ulica - Via Franz Karl Ginzkey,Ginzkeyeva ulica,,Via Franz Karl Ginzkey,,,,
Gladijatorska ulica - Via dei Gladiatori,Gladijatorska ulica,,Via dei Gladiatori,,,,
Glagoljaška ulica,Glagoljaška ulica,,Via del Glagolitico,,,,
Glavači - Gardossi,Glavači,,Gardossi,,,,
Glavica - Glavizza,Glavica,,Glavizza,,,,
Glavice - Glavizze,Glavice,,Glavizze,,,,
Glavinićev uspon - Clivo Franjo Glavinić,Glavinićev uspon,,Clivo Franjo Glavinić,,,Q20525478,
Glavna ulica - Via Maestra,Glavna ulica,,Via Maestra,,,,
Gočanska ulica - Via Golzana,Gočanska ulica,,Via Golzana,,,,
Goli vrh - Monte Nudo,Goli vrh,,Monte Nudo,,,,
Golubići - Golubici,Golubići,,Golubici,,,,
Gopci - Gobzi,Gopci,,Gobzi,,,,
Goranska ulica - Via Gorski kotar,Goranska ulica,,Via Gorski kotar,,,,
Gorjani - Goriani,Gorjani,,Goriani,,,,
Gornja Gomila - Gomila superiore,Gornja Gomila,,Gomila superiore,,,,
Gornje Baredine - Baredine di Sopra,Gornje Baredine,,Baredine di Sopra,,,,
Gornji Babići - Babici di Sopra,Gornji Babići,,Babici di Sopra,,,,
Gornji Picudo - Pizzudo di Sopra,Gornji Picudo,,Pizzudo di Sopra,,,,
Gornji Špadići,Gornji Špadići,,Via Rato de Spada,,,,
Gornji Srbani - Serbani di Sopra,Gornji Srbani,,Serbani di Sopra,,,,
Gortanova ulica - Via Vladimir Gortan,Gortanova ulica,,Via Vladimir Gortan,,,Q347277,
Gospodarska - Via dell' Imprenditoria,Gospodarska ulica,,Via dell' Imprenditoria,,,,
Gradinje - Gradigne,Gradinje,,Gradigne,,,,
Gradinski uspon - Clivo del castelliere,Gradinski uspon,,Clivo del castelliere,,,,
Greblova ulica - Via Šimun Greblo,Greblova ulica,,Via Šimun Greblo,,,,
Gregovo III,Gregovo III,,,,,,
Grguri - Gherguri,Grguri,,Gherguri,,,,
Grisia - Grisia,Grisia,,Grisia,,,,
Grmunija - Gremonia,Grmunija,,Gremonia,,,,
Grobice - Grobize,Grobice,,Grobize,,,,
Grota - Grotta,Grota,,Grotta,,,,
Grožnjanska,Grožnjanska ulica,,Via Grisignana,,,,
Grožnjanska ulica - Via Grisignana,Grožnjanska ulica,,Via Grisignana,,,,
Grubišina ulica - Via Slavko Grubiša,Grubišina ulica,,Via Slavko Grubiša,,,,
Grupija - Grupia,Grupija,,Grupia,,,,
Gržići - Ghersici,Gržići,,Ghersici,,,,
Gundulićeva ulica - Via Ivan Gundulić,Gundulićeva ulica,,Via Ivan Gundulić,,,,
Gupčeva ulica - Via Matija Gubec,Gupčeva ulica,,Via Matija Gubec,,,,
Guran (Stancija),Guran,,Guran,,Guran Stancija,,
Heiningerova ulica - Via Ottomaro Heininger,Heiningerova ulica,,Via Ottomaro Heininger,,,,
Herkulov prolaz - Vicolo Ercole,Herkulov prolaz,,Vicolo Ercole,,,,
Hitrici - Hitrizzi,Hitrici,,Hitrizzi,,,,
Hrastići - Crastici,Hrastići,,Crastici,,,,
Hrastići - Hrastici,Hrastići,,Hrastici,,,,
Hrastova ulica - Via del Rovere,Hrastova ulica,,Via del Rovere,,,,
Humska,Humska ulica,,Via Colmo,,,,
Humska ulica - Via Colmo,Humska ulica,,Via Colmo,,,,
Hvarska,Hvarska ulica,,Via Lesina,,,Q6031,
I. Matetića Ronjgova,Ulica Ivana Matetića Ronjgova,,Via Ivan Matetić Ronjgov,,,Q2594917,
Ilirska ulica,Ilirska ulica,,Via dell' Ilirico,,,,
Industrijska ulica - Via dell'industria,Industrijska ulica,,Via dell'industria,,,,
Ipši - Ipsi,Ipši,,Ipsi,,,,
Istarska,Istarska ulica,,Via dell' Istria,,,Q639912,
Istarska ulica - Via dell' Istria,Istarska ulica,,Via dell' Istria,,,Q639912,
Ivana G. Kovačića,Ulica Ivana Gorana Kovačića,,Via Ivan Goran Kovačić,,,Q835790,
Ivana Gundulića,Ulica Ivana Gundulića,,Via Ivan Gundulić,,,Q317588,
Ivančićeva ulica - Via Jakov Ivančić,Ivančićeva ulica,,Via Jakov Ivančić,,,,
Ive Andrića,Ulica Ive Andrića,,Via Ivo Andrić,,,Q47561,
Ive Lole Ribara,Ulica Ive Lole Ribara,,Via Ivo Lola Ribar,,,Q1265884,
Iza kasarne - Dietro caserma,Iza kasarne,,Dietro caserma,,,,
Jadranska,Jadranska ulica,,Via Adriatica,,,,
Jadranska cesta - Strada dell'Adriatico,Jadranska cesta,,Strada dell'Adriatico,,,,
Jadranska ulica - Via dell'Adriatico,Jadranska ulica,,Via dell'Adriatico,,,,
Jadrini - Iadrini,Jadrini,,Iadrini,,,,
Jadroni - Iadroni,Jadroni,,Iadroni,,,,
Jakci - Pizzi,Jakci,,Pizzi,,,,
Jakići Gorinji - Iachici,Jakići Gorinji,,Iachici,,,,
Jakusi - Iacussi,Jakusi,,Iacussi,,,,
Japodska ulica - Via dei Giapidi,Japodska ulica,,Via dei Giapidi,,,,
Jarpetar - Iarpetar,Jarpetar,,Iarpetar,,,,
Jasenovica - Frassineto,Jasenovica,,Frassineto,,,,
Jeci - Iezzi,Jeci,,Iezzi,,,,
Jedanaesta ulica - Undicesima Strada,Jedanaesta ulica,,Undicesima Strada,,,,
Jelušićev prilaz - Via Ernest Jelušić,Jelušićev prilaz,,Via Ernest Jelušić,,,,
Jeromelina ulica - Via Viktor Jeromela,Jeromelina ulica,,Via Viktor Jeromela,,,,
Josipa Voltića,Ulica Josipa Voltića,,Via Josip Voltić,,,Q13639953,
Jože Šurana,Ulica Jože Šurana,,Via Jože Šuran,,,Q12633846,
Jožef Atile,Ulica József Atile,,,József Attila utca,,Q313359,
Jugovci - Giugovzi,Jugovci,,Giugovzi,,,,
Jugovci - Jugovzi,Jugovci,,Jugovzi,,,,
Juki - Iuchi,Juki,,Iuchi,,,,
Jurcanija - Iurzania,Jurcanija,,Iurzania,,,,
Juricani - Giurizzani,Juricani,,Giurizzani,,,,
Juricanija - Giurizzania,Juricanija,,Giurizzania,,,,
Jurići - Iurici,Jurići,,Iurici,,,,
Jurini - Iurini,Jurini,,Iurini,,,,
Kacana (Stancija),Kacana,,Cassana,,Kacana Stancija,,
Kagarot - Cagarot,Kagarot,,Cagarot,,,,
Kakovići - Cacovici,Kakovići,,Cacovici,,,,
Kalčeva ulica - Via Jurica Kalc,Kalčeva ulica,,Via Jurica Kalc,,,,
Kalčini gornji - Calcini superiori,Kalčini gornji,,Calcini superiori,,,,
Kalčini mali - Calcini piccoli,Kalčini mali,,Calcini piccoli,,,,
Kaldanija - Caldania,Kaldanija,,Caldania,,,,
Kalegarići - Callegarici,Kalegarići,,Callegarici,,,,
Kamenolomska ulica - Via della Cava,Kamenolomska ulica,,Via della Cava,,,,
Kamenorezačka ulica - Via dei tagliapietra,Kamenorezačka ulica,,Via dei tagliapietra,,,,
Kampac,Kampac,,Campaz,,,,
Kampi,Kampi,,Campi,,,,
Kanal - Canal,Kanal,,Canal,,,,
Kandlerova ulica - Via Pietro Kandler,Kandlerova ulica,,Via Pietro Kandler,,,,
Kanedolo - Canedolo,Kanedolo,,Canedolo,,,,
Kanegra - Canegra,Kanegra,,Canegra,,,,
Kanfanarska ulica - Via Canfanaro,Kanfanarska ulica,,Via Canfanaro,,,,
Kapitanija - Capitania,Kapitanija,,Capitania,,,,
Kapitolinski trg - Piazza capitolina,Kapitolinski trg,,Piazza capitolina,,,,
Kapucinska ulica - Via dei Cappuccini,Kapucinska ulica,,Via dei Cappuccini,,,,
Karigador - Carigador,Karigador,,Carigador,,,,
Karla Huguesa,Ulica Karla Huguesa,,Via Karlo Hugues,,,,
Karlovačka ulica - Via Karlovac,Karlovačka ulica,,Via Karlovac,,,,
Karpijan - Carpiano,Karpijan,,Carpiano,,,,
Karpinjanska ulica - Via Carpignano,Karpinjanska ulica,,Via Carpignano,,,,
Kašeti - Cassetti,Kašeti,,Cassetti,,,,
Kašićeva ulica - Via Bartol Kašić,Kašićeva ulica,,Via Bartol Kašić,,,,
Kastavska ulica - Via Castua,Kastavska ulica,,Via Castua,,,,
Kaštel - Castelvenere,Kaštel,,Castelvenere,,,,
Kaštelir - Castellier,Kaštelir,,Castellier,,,,
Kaštelirska,Kaštelirska ulica,,Via Castellier,,,,
Kaštelska ulica - Via Castelvenere,Kaštelska ulica,,Via Castelvenere,,,,
Kate Pejnović,Ulica Kate Pejnović,,Via Kata Pejnović,,,Q3446999,
Katoro - Catoro,Katoro,,Catoro,,,,
Katun - Cattuni,Katun,,Cattuni,,,,
Katunari Pisini - Cattunari Pisine,Katunari Pisini,,Cattunari Pisine,,,,
Katušićev prilaz - Via Ivan Katušić,Katušićev prilaz,,Via Ivan Katušić,,,,
Kave - Cave,Kave,,Cave,,,,
Kavi - Cavi,Kavi,,Cavi,,,,
Kavrerski put - Strada Cavrer,Kavrerski put,,Strada Cavrer,,,,
Kazarole - Casarole,Kazarole,,Casarole,,,,
Kažete - Casette,Kažete,,Casette,,,,
Kerši - Chersi,Kerši,,Chersi,,,,
Keršovanijeva ulica - Via Otokar Keršovani,Keršovanijeva ulica,,Via Otokar Keršovani,,,,
Kirčeva ulica - Via Luka Kirac,Kirčeva ulica,,Via Luka Kirac,,,,
Kiš Rajna - Kis Rajna,Kiš Rajna,,,Kis Rajna,,,
Klarići - Clarici,Klarići,,Clarici,,,,
Klesarska ulica - Via degli scalpellini,Klesarska ulica,,Via degli scalpellini,,,,
Klija - Clea,Klija,,Clea,,,,
Kluni - Cluni,Kluni,,Cluni,,,,
Kmeti - Metti,Kmeti,,Metti,,,,
Kneza Domagoja,Ulica kneza Domagoja,,,,,Q1151306,
Koče - Coccie,Koče,,Coccie,,,,
Kočevarija - Cocevaria,Kočevarija,,Cocevaria,,,,
Kochova ulica - Via Robert Koch,Kochova ulica,,Via Robert Koch,,,,
Kolari - Collari,Kolari,,Collari,,,,
Kolhiđanska ulica - Via dei Colchi,Kolhiđanska ulica,,Via dei Colchi,,,,
Kolodvorska ulica - Via alla stazione,Kolodvorska ulica,,Via alla stazione,,,,
Kolodvorska ulica - Via della Stazione,Kolodvorska ulica,,Via della Stazione,,,,
Kolodvorsko šetalište - Lungomare della stazione,Kolodvorsko šetalište,,Lungomare della stazione,,,,
Kolombanija - Colombania,Kolombanija,,Colombania,,,,
Kolombera - Colombera,Kolombera,,Colombera,,,,
Kolovoz - Colovos,Kolovoz,,Colovos,,,,
Končari - Conciari,Končari,,Conciari,,,,
Koparska ulica - Via Capodistria,Koparska ulica,,Via Capodistria,,,,
Koparska ulica - Via Copodistria,Koparska ulica,,Via Copodistria,,,,
Korčulanska,Korčulanska ulica,,Via Curzola,,,Q13288,
Koreniki - Corenichi,Koreniki,,Corenichi,,,,
Kornarija - Cornaria,Kornarija,,Cornaria,,,,
Korona - Corona,Korona,,Corona,,,,
Koršija - Corsia,Koršija,,Corsia,,,,
Kortina - Cortina,Kortina,,Cortina,,,,
Kortinari - Cortinari,Kortinari,,Cortinari,,,,
Kortivi - Cortivi,Kortivi,,Cortivi,,,,
Kosova ulica - Via Bruno Kos,Kosova ulica,,Via Bruno Kos,,,,
Kostanjica - Castagna,Kostanjica,,Castagna,,,,
Košut Lajoša,Ulica Košut Lajoša,,,Kossuth Lajos utca,,Q157040,
Kovačićeva ulica - Via Ivan Goran Kovačić,Kovačićeva ulica,,Via Ivan Goran Kovačić,,,,
Kovačka ulica - Via dei fabbri,Kovačka ulica,,Via dei fabbri,,,,
Kovilje - Covilie,Kovilje,,Covilie,,,,
Kovri - Covri,Kovri,,Covri,,,,
Krajići - Craici,Krajići,,Craici,,,,
Kralja Tvrtka,Ulica kralja Tvrtka,,,,,Q319605,
Kraljevićeve stube - Scaletta Miroslav Kraljević,Kraljevićeve stube,,Scaletta Miroslav Kraljević,,,,
Kranceti - Cranzetti,Kranceti,,Cranzetti,,,,
Kranjčevićeva ulica - Via Silvije Strahimir Kranjčević,Kranjčevićeva ulica,,Via Silvije Strahimir Kranjčević,,,,
Kras - Carse,Kras,,Carse,,,,
Krasica - Crassiza,Krasica,,Crassiza,,,,
Kraška ulica - Via del Carso,Kraška ulica,,Via del Carso,,,,
Kratka ulica - Via Corta,Kratka ulica,,Via Corta,,,,
Krč - Cherc,Krč,,Cherc,,,,
Krčka ulica - Via Veglia,Krčka ulica,,Via Veglia,,,,
Kremenje - Cremegne,Kremenje,,Cremegne,,,,
Križine - Crisine,Križine,,Crisine,,,,
Krležina ulica - Via Miroslav Krleža,Krležina ulica,,Via Miroslav Krleža,,,,
Krmpotićeva ulica - Via Josip Krmpotić,Krmpotićeva ulica,,Via Josip Krmpotić,,,,
Kršete - Carsette,Kršete,,Carsette,,,,
Krševanova stancija - Stanzia Chersevani,Krševanova stancija,,Stanzia Chersevani,,,,
Kršin - Carsin,Kršin,,Carsin,,,,
Krti - Cherti,Krti,,Cherti,,,,
Krug - Croc,Krug,,Croc,,,,
Kuberton - Cuberton,Kuberton,,Cuberton,,,,
Kubertoni - Cubertoni,Kubertoni,,Cubertoni,,,,
Kućibreg - Cucibrec,Kućibreg,,Cucibrec,,,,
Kukov Vrh - Monte Cucco,Kukov Vrh,,Monte Cucco,,,,
Kukuljevićeva ulica - Via Ivan Kukuljević Sakcinski,Kukuljevićeva ulica,,Via Ivan Kukuljević Sakcinski,,,,
Kumičićeva ulica - Via Eugen Kumičić,Kumičićeva ulica,,Via Eugen Kumičić,,,,
Kupelwieserova ulica - Via Paul Kupelwieser,Kupelwieserova ulica,,Via Paul Kupelwieser,,,,
Kušći - Cuschi,Kušći,,Cuschi,,,,
Kvajera,Ulica Kvajera,,Via Quaiera,,,,
Kvarnerska ulica - Via del Quarnero,Kvarnerska ulica,,Via del Quarnero,,,,
Kvarnerska ulica - Via Quarnero,Kvarnerska ulica,,Via Quarnero,,,,
Kvarnerski trg - Piazza Quarnero,Kvarnerski trg,,Piazza Quarnero,,,,
Labinska ulica - Via Albona,Labinska ulica,,Via Albona,,,Q375582,
Ladin gaj - Ladin gaj,Ladin gaj,,Ladin gaj,,,,
Laganisi - Laganisi,Laganisi,,Laganisi,,,,
Laginjina ulica - Via Matko Laginja,Laginjina ulica,,Via Matko Laginja,,,Q1965442,
Lalovići - Lalovici,Lalovići,,Lalovici,,,,
Laura istok - Laura Est,Laura istok,,Laura Est,,,,
Laura zapad - Laura Ovest,Laura zapad,,Laura Ovest,,,,
Leharova ulica - Via Franz Lehar,Leharova ulica,,Via Franz Lehar,,,,
Lettisova ulica - Via Paolo Lettis,Lettisova ulica,,Via Paolo Lettis,,,,
Liburnijska ulica - Via dei Liburni,Liburnijska ulica,,Via dei Liburni,,,,
Limarska ulica - Via del Bandaio,Limarska ulica,,Via del Bandaio,,,,
Limska ulica - Via Leme,Limska ulica,,Via Leme,,,,
Lindarska,Lindarska ulica,,Via Lindaro,,,,
Lindarski prilaz - Androna Lindaro,Lindarski prilaz,,Androna Lindaro,,,,
Livade - Levade,Livade,,Levade,,,,
Ližnjanska ulica - Via Lisignano,Ližnjanska ulica,,Via Lisignano,,,,
Ljubići - Liubici,Ljubići,,Liubici,,,,
Ljubljanija - Lubiania,Ljubljanija,,Lubiania,,,,
Ljubljanska ulica - Via Lubiana,Ljubljanska ulica,,Via Lubiana,,,,
Ljudevita Gaja,Ulica Ljudevita Gaja,,Via Ljudevit Gaj,,,Q352617,
Lokvini - Loquini,Lokvini,,Loquini,,,,
Lorencini - Lorenzini,Lorencini,,Lorenzini,,,,
Lošinjska,Lošinjska ulica,,Via Lussino,,,Q461426,
Lošinjska ulica - Via Lussino,Lošinjska ulica,,Via Lussino,,,,
Lovrečka,Lovrečka ulica,,Via San Lorenzo,,,,
Lozari - Lozari,Lozari,,Lozari,,,,
Lozarija - Losaria,Lozarija,,Losaria,,,,
Lubiani - Lubiani,Lubiani,,Lubiani,,,,
Lukoni - Luconi,Lukoni,,Luconi,,,,
Lungomare - Lungomare,Lungomare,,Lungomare,,,,
Lussijeva ulica - Via Mario Lussi,Lussijeva ulica,,Via Mario Lussi,,,,
Majmajola (Stancija),Majmajola,,Val Maiora,,Majmajola Stancija,,
Makale - Macalè,Makale,,Macalè,,,,
Makovci - Macovzi,Makovci,,Macovzi,,,,
Maksimijanova ulica - Via Massimiano,Maksimijanova ulica,,Via Massimiano,,,,
Mala cesta - Strada piccola,Mala cesta,,Strada piccola,,,,
Mala dunavska,Mala dunavska ulica,,,,,,
Mala Punta - Piccola Punta,Mala Punta,,Piccola Punta,,,,
Mali Breg - Monte Piccolo,Mali Breg,,Monte Piccolo,,,,
Malotija - Malotia,Malotija,,Malotia,,,,
Mandićeva ulica - Via Matko Mandić,Mandićeva ulica,,Via Matko Mandić,,,,
Mandrije - Mandrie,Mandrije,,Mandrie,,,,
Mardeganijeva ulica - Via Ulderico Carlo Mardegani,Mardeganijeva ulica,,Via Ulderico Carlo Mardegani,,,,
Maria Milohanovića,Ulica Maria Milohanovića,,Via Mario Milohanović,,,,
Marianijeva ulica - Via Lino Mariani,Marianijeva ulica,,Via Lino Mariani,,,,
Marinčići - Marincici,Marinčići,,Marincici,,,,
Markocija - Marcozia,Markocija,,Marcozia,,,,
Markovac - Marcovaz,Markovac,,Marcovaz,,,,
Markovići - Marcovici,Markovići,,Marcovici,,,,
Maršala Tita,Ulica Maršala Tita,,,Titó Marsáll utca,,Q9161,
Maršići - Marsici,Maršići,,Marsici,,,,
Martinčići - Martincici,Martinčići,,Martincici,,,,
Marulićeva ulica - Via Marko Marulić,Marulićeva ulica,,Via Marko Marulić,,,,
Marušići - Marussici,Marušići,,Marussici,,,,
Masatov prilaz - Corte dei Masato,Masatov prilaz,,Corte dei Masato,,,,
Massa Lombarda,Ulica Massa Lombarde,,Via Massa Lombarda,,,,
Mataheja - Matachea,Mataheja,,Matachea,,,,
Mate Vlašića,Ulica Mate Vlašića,,Via Mate Vlašić,,,,
Matea Benussi Cio,Ulica Matea Benussija Cia,,Via Mateo Benussi Cio,,,Q10976186,
Matea Brnobića,Ulica Matea Brnobića,,Via Matteo Bernobich,,,,
Matelići - Matelici,Matelići,,Matelici,,,,
Materada,Ulica Materada,,Via Materada,,,,
Materada - Matterada,Materada,,Matterada,,,,
Matići - Matici,Matići,,Matici,,,,
Matije Gupca,Ulica Matije Gupca,,,,,Q715968,
Matije Vlačića,Ulica Matije Vlačića,,Via Matija Vlačić,,,Q435311,
Matteottijev trg - Piazza Matteotti,Matteottijev trg,,Piazza Matteotti,,,,
Matulini - Mattulini,Matulini,,Mattulini,,,,
Maura Gioseffia,Ulica Maura Gioseffia,,Via Mauro Gioseffi,,,,
Mavretići - Mauretici,Mavretići,,Mauretici,,,,
Mažan - Masan,Mažan,,Masan,,,,
Mažuranićeva ulica - Via Ivan Mažuranić,Mažuranićeva ulica,,Via Ivan Mažuranić,,,,
Mazurija - Mazuria,Mazurija,,Mazuria,,,,
Mazzinijeva ulica - Via Mazzini,Mazzinijeva ulica,,Via Mazzini,,,,
Medejina ulica - Via Medea,Medejina ulica,,Via Medea,,,,
Medelini - Medelini,Medelini,,Medelini,,,,
Medici - Medizzi,Medici,,Medizzi,,,,
Medigija - Medighia,Medigija,,Medighia,,,,
Međimurska ulica - Via Međimurje,Međimurska ulica,,Via Međimurje,,,,
Medulinska,Medulinska ulica,,Via Medolino,,,,
Medulinska cesta - Via Medolino,Medulinska cesta,,Via Medolino,,,,
Merišće - Merischie,Merišće,,Merischie,,,,
Meštri - Mestri,Meštri,,Mestri,,,,
Meštrovićeva ulica - Via Ivan Meštrović,Meštrovićeva ulica,,Via Ivan Meštrović,,,,
Meteži - Metesi,Meteži,,Metesi,,,,
Mihe Županića,Ulica Mihe Županića,,Via Miho Županić,,,,
Mihovilovićeva ulica - Via Ive Mihovilović,Mihovilovićeva ulica,,Via Ive Mihovilović,,,,
Milanovićeva ulica - Via Božo Milanović,Milanovićeva ulica,,Via Božo Milanović,,,,
Milke Trnine,Ulica Milke Trnine,,,,,Q73390,
Mira Grahalića,Ulica Mira Grahalića,,Via Miro Grahalić,,,,
Mirna - Quieto,Mirna,,Quieto,,,,
Mirna ulica - Via Quieta,Mirna ulica,,Via Quieta,,,,
Mjesni trg - Piazza Locale,Mjesni trg,,Piazza Locale,,,,
Mletačka ulica - Via Venezia,Mletačka ulica,,Via Venezia,,,,
Mlin - Mulino,Mlin,,Mulino,,,,
Mlini - Molini,Mlini,,Molini,,,,
Mlinska,Mlinska ulica,,Via del mulino,,,,
Mlinska ulica - Via del Molino,Mlinska ulica,,Via del Molino,,,,
Mlinska ulica - Via del mulino,Mlinska ulica,,Via del mulino,,,,
Mlinska ulica - Via del Mulino,Mlinska ulica,,Via del Mulino,,,,
Modrušanov prilaz - Via Tone Modrušan,Modrušanov prilaz,,Via Tone Modrušan,,,,
Mohorovičićeva ulica - Via A. Mohorovičić,Mohorovičićeva ulica,,Via A. Mohorovičić,,,,
Mohorovičićeva ulica - Via Andrija Mohorovičić,Mohorovičićeva ulica,,Via Andrija Mohorovičić,,,,
Mojmirska ulica - Via Mojmir,Mojmirska ulica,,Via Mojmir,,,,
Molindrio,Molindrio,,Molindrio,,,,
Momikija - Momichia,Momikija,,Momichia,,,,
Momjanska ulica - Via Momiano,Momjanska ulica,,Via Momiano,,,,
Montalbano - Montalbano,Montalbano,,Montalbano,,,,
Monteneto - Montenetto,Monteneto,,Montenetto,,,,
Montenetska ulica - Via Montenetto,Montenetska ulica,,Via Montenetto,,,,
Monterol - Monterol,Monterol,,Monterol,,,,
Montiron - Montiron,Montiron,,Montiron,,,,
Montižana - Montisana,Montižana,,Montisana,,,,
Montižel - Monticello,Montižel,,Monticello,,,,
Montrin - Montrin,Montrin,,Montrin,,,,
Monvidalska ulica - Via Monvidal,Monvidalska ulica,,Via Monvidal,,,,
Mornarički trg - Piazza della marina,Mornarički trg,,Piazza della marina,,,,
Morožija - Morosia,Morožija,,Morosia,,,,
Most - Ponte,Most,,Ponte,,,,
Motikina ulica - Via Antun Motika,Motikina ulica,,Via Antun Motika,,,,
Motovunska,Motovunska ulica,,Via Montona,,,,
Motovunska cesta - Strada per Montona,Motovunska cesta,,Strada per Montona,,,,
Motovunska ulica - Via Montona,Motovunska ulica,,Via Montona,,,,
Motovunski prolaz - Vicolo Montona,Motovunski prolaz,,Vicolo Montona,,,,
Mugeba - Monghebbo,Mugeba,,Monghebbo,,,,
Murine - Morno,Murine,,Morno,,,,
Murinska ulica - Via Morno,Murinska ulica,,Via Morno,,,,
Musilska ulica - Via Musil,Musilska ulica,,Via Musil,,,,
Mutilska ulica - Via Mutila,Mutilska ulica,,Via Mutila,,,,
Mutvoranska ulica - Via Momorano,Mutvoranska ulica,,Via Momorano,,,,
Mužići - Musici,Mužići,,Musici,,,,
Mužolini Donji - Musolini di Sotto,Mužolini Donji,,Musolini di Sotto,,,,
Mužolini Gornji - Musolini di Sopra,Mužolini Gornji,,Musolini di Sopra,,,,
Nade Dimić,Ulica Nade Dimić,,Via Nada Dimić,,,Q1288702,
Narodni trg,Narodni trg,,Piazza del Popolo,,,,
Narodni trg - Piazza del popolo,Narodni trg,,Piazza del popolo,,,,
Narodni trg - Piazza del Popolo,Narodni trg,,Piazza del Popolo,,,,
"Naselje ""Cocaletto"" - Insediamento Cocaletto",Naselje Cocaletto,,Insediamento Cocaletto,,,,
Naselje Gripole - Insediamento Gripole,Naselje Gripole,,Insediamento Gripole,,,,
Naselje Laco Sercio - Insediamento Laco Sercio,Naselje Laco Sercio,,Insediamento Laco Sercio,,,,
Naselje Mate Balota,Ulica Mate Balota,,Via Mate Balota,,,Q6786326,
Naselje Monfiorenzo - Insediamento Monfiorenzo,Naselje Monfiorenzo,,Insediamento Monfiorenzo,,,,
Nattorijev prolaz - Passo Nattori,Nattorijev prolaz,,Passo Nattori,,,,
Nazorova ulica - Riva Nazor,Nazorova ulica,,Riva Nazor,,,,
Nazorova ulica - Via Vladimir Nazor,Nazorova ulica,,Via Vladimir Nazor,,,,
Negrijeva ulica - Via Aldo Negri,Negrijeva ulica,,Via Aldo Negri,,,,
Nezakcijska ulica - Via Nesazio,Nezakcijska ulica,,Via Nesazio,,,,
Nikole Šubića Zrinskog - Zrínyi Miklós Utca,Ulica Nikole Šubića Zrinskog,,,Zrínyi Miklós Utca,,Q467477,
Nikole Tesle,Ulica Nikole Tesle,,Via Nikola Tesla,,,Q9036,
Nimfej - Ninfeo,Nimfej,,Ninfeo,,,,
Nobileova ulica - Via Pietro Nobile,Nobileova ulica,,Via Pietro Nobile,,,,
Nova obala - Riva Nuova,Nova obala,,Riva Nuova,,,,
Nova ulica - Calnova,Nova ulica,,Calnova,,,,
Nova ulica - Via nuova,Nova ulica,,Via nuova,,,,
Nova Vas - Villanova,Nova Vas,,Villanova,,,,
Novaki - Novachi,Novaki,,Novachi,,,,
Novigradska ulica - Via Cittanova,Novigradska ulica,,Via Cittanova,,,,
Obala Alda Negrija - Riva Aldo Negri,Obala Alda Negrija,,Riva Aldo Negri,,,,
Obala Alda Rismonda - Riva Aldo Rismondo,Obala Alda Rismonda,,Riva Aldo Rismondo,,,,
Obala dr. Franje Tuđmana - Riva dr. Franjo Tuđman,Obala doktora Franje Tuđmana,,Riva dottore Franjo Tuđman,,,,
Obala G. Paliaga,Obala Giordana Paliaga,,Via Giordano Paliaga,,,,
Obala Josipa Broza Tita - Riva Josip Broz Tito,Obala Josipa Broza Tita,,Riva Josip Broz Tito,,,,
Obala maršala Tita,Obala maršala Tita,,Riva Maresciallo Tito,,,Q9161,
Obala Matka Laginje,Obala Matka Laginje,,Costa di Matko Laginja,,,,
Obala palih boraca NOR - Riva ai caduti del MPL,Obala palih boraca Narodnooslobodilačkog rata,,Riva ai caduti del Movimento Popolare di Liberazione,,,,
Obala Pina Budicina - Riva Pino Budicin,Obala Pina Budicina,,Riva Pino Budicin,,,,
Oblog - Oblogo,Oblog,,Oblogo,,,,
Odm. Murska Sobota,Odmorište Murska Sobota,,,,,,
Odmarališna ulica - Via della Casa di Riposo,Odmarališna ulica,,Via della Casa di Riposo,,,,
Omladinska ulica - Via della Gioventù,Omladinska ulica,,Via della Gioventù,,,,
Omladinska ulica - Via della gioventu',Omladinska ulica,,Via della gioventu',,,,
Omladinska ulica - Viale della gioventu',Omladinska ulica,,Viale della gioventu',,,,
Opatijska ulica - Via Abbazia,Opatijska ulica,,Via Abbazia,,,,
Općinska ulica - Via del Municipio,Općinska ulica,,Via del Municipio,,,,
Oprtalj - Portole,Oprtalj,,Portole,,,,
Orijak - Oriach,Orijak,,Oriach,,,,
Orlići - Orlici,Orlići,,Orlici,,,,
Oršići - Orsici,Oršići,,Orsici,,,,
Osječka ulica - Via Osijek,Osječka ulica,,Via Osijek,,,,
Oskoruš - Oscurus,Oskoruš,,Oscurus,,,,
Osma ulica - Ottava Strada,Osma ulica,,Ottava Strada,,,,
Osmog marta,Ulica 8. marta,,Via 8 Marzo,,,,
Otok sveti Nikola,,,,,,,
Otokara Keršovanija,Ulica Otokara Keršovanija,,Via Otokar Keršovani,,,Q2500995,
Ozad Arene - Drio la Rena,Ozad Arene,,Drio la Rena,,,,
Paduljski put - Via Paduli,Paduljski put,,Via Paduli,,,,
Paganorska ulica - Via Paganor,Paganorska ulica,,Via Paganor,,,,
Paklena dolina - Valle dell' inferno,Paklena dolina,,Valle dell' inferno,,,,
Palacina,Ulica Palacina,,Via Palazzina,,,,
Palazzine - Palazzine,Palazzine,,Palazzine,,,,
Paldigija - Paldeghia,Paldigija,,Paldeghia,,,,
Palisina ulica - Via Johann Palisa,Palisina ulica,,Via Johann Palisa,,,,
Paliski - Palischi,Paliski,,Palischi,,,,
Palladiova ulica - Via Andrea Palladio,Palladiova ulica,,Via Andrea Palladio,,,,
Paoletići - Paoletici,Paoletići,,Paoletici,,,,
Paolija - Paolia,Paolija,,Paolia,,,,
Parenzana - Via Parenzana,Parenzana,,Via Parenzana,,,,
Park Grada Siofoka,Park grada Šiofoka,,Parco citta di Siofok,Siófok Város parkja,,Q245126,
Park Jurja Dobrile,Park Jurja Dobrile,,Parco Juraj Dobrila,,,Q337925,
Park ladonja - Parco dei ladogni,Park ladonja,,Parco dei ladogni,,,,
Park Monte Zaro - Parco Monte Zaro,Park Monte Zaro,,Parco Monte Zaro,,,,
Park Novigradske biskupije - Parco del Vescovado cittanovese,Park Novigradske biskupije,,Parco del Vescovado cittanovese,,,,
Park Olge Ban,Park Olge Ban,,Parco Olga Ban,,,Q2351716,
Park Spinotti-Morteani - Parco Spinotti-Morteani,Park Spinotti-Morteani,,Parco Spinotti-Morteani,,,,
Partizanska,Partizanska ulica,,Via dei Partigiani,,,,
Partizanski put - Strada dei Partigiani,Partizanski put,,Strada dei Partigiani,,,,
Pašini - Passini,Pašini,,Passini,,,,
Paška,Paška ulica,,Via Pago,,,Q209784,
Pašudija - Passudia,Pašudija,,Passudia,,,,
Pavići - Pavici,Pavići,,Pavici,,,,
Pazinska,Pazinska ulica,,Via Pisino,,,Q211968,
Pazinska ulica - Via Pisino,Pazinska ulica,,Via Pisino,,,Q211968,
Pećine,Pećine,,Dietro la grotta,,,,
Pekarska ulica - Via del fornetto,Pekarska ulica,,Via del fornetto,,,,
Perini - Perini,Perini,,Perini,,,,
Peroj - Peroi,Peroj,,Peroi,,,,
Perojska cesta - Via Peroi,Perojska cesta,,Via Peroi,,,,
Perojska ulica - Via Peroi,Perojska ulica,,Via Peroi,,,,
Pertići - Pertici,Pertići,,Pertici,,,,
Peruškov prilaz - Via Tone Peruško,Peruškov prilaz,,Via Tone Peruško,,,,
Peta ulica - Quinta Strada,Peta ulica,,Quinta Strada,,,,
Petefi Šandora,Ulica Sándora Petőfija,,,Petőfi Sándor utca,,Q81219,
Petešići - Petechi,Petešići,,Petechi,,,,
Petnaesta ulica - Quindicesima Strada,Petnaesta ulica,,Quindicesima Strada,,,,
Petra Preradovića,Ulica Petra Preradovića,,Via Petar Preradović,,,Q373915,
Petrovićeva ulica - Via Mate Petrović,Petrovićeva ulica,,Via Mate Petrović,,,,
Piazzetta Lacea - Piazzetta Filippa Lacea,Piazzetta Lacea,,Piazzetta Filippa Lacea,,,,
Pical,Pical,,Pical,,,,
Piceti - Pizzeti,Piceti,,Pizzeti,,,,
Pietra Kandlera,Ulica Pietra Kandlera,,Via Pietro Kandler,,,Q2094429,
Pigini - Pighini,Pigini,,Pighini,,,,
Pina Budičina,Ulica Pina Budičina,,Via Pino Budičin,,,Q10977127,
Pincini - Pinzini,Pincini,,Pinzini,,,,
Pineta 1. ogranak-Valb.,Pineta 1. ogranak,,,,,,
Pineta 2. ogran. Valban.,Pineta 2. ogranak,,,,,,
Pineta 3. ogr.-Valband.,Pineta 3. ogranak,,,,,,
Pionirska,Pionirska ulica,,Via dei Pionieri,,,,
Piranesijev prilaz - Via Gianbattista Piranesi,Piranesijev prilaz,,Via Gianbattista Piranesi,,,,
Piranska ulica - Via Pirano,Piranska ulica,,Via Pirano,,,,
Pirelići - Perelici,Pirelići,,Perelici,,,,
Pišmanjak - Pissmagnac,Pišmanjak,,Pissmagnac,,,,
Piuki - Piuchi,Piuki,,Piuchi,,,,
Pižoni - Pisoni,Pižoni,,Pisoni,,,,
Pižoni donji - Pisoni inferiori,Pižoni donji,,Pisoni inferiori,,,,
Pižoni gornji - Pisoni superiori,Pižoni gornji,,Pisoni superiori,,,,
Plac - Plaz,Plac,,Plaz,,,,
Plava laguna,Plava laguna,,,,,,
Plominska ulica - Via Fianona,Plominska ulica,,Via Fianona,,,,
Pod Dionisi - Sotto Dionisi,Pod Dionisi,,Sotto Dionisi,,,,
Pod murvon - Sotto morer,Pod murvon,,Sotto morer,,,,
Podestadići - Podestadici,Podestadići,,Podestadici,,,,
Podravska ulica - Via Podravina,Podravska ulica,,Via Podravina,,,,
Podrumarska ulica - Via dei Cantinieri,Podrumarska ulica,,Via dei Cantinieri,,,,
Podujeva ulica - Via Josip Poduje,Podujeva ulica,,Via Josip Poduje,,,,
Podupci,Podupci,,Podupzi,,,,
Poduzetnička zona - Zona imprenditoriale,Poduzetnička zona,,Zona imprenditoriale,,,,
Polanijev prolaz - Vicolo Pietro Polani,Polanijev prolaz,,Vicolo Pietro Polani,,,,
Poli - Poli,Poli,,Poli,,,,
Poljana sv. Benedikta - Piazzale s. Benedetto,Poljana sv. Benedikta,,Piazzale s. Benedetto,,,,
Poljana sv. Martina - Campo San Martino,Poljana svetog Martina,,Campo San Martino,,,,
Poljana sv. Tome - Campiello s. Tommaso,Poljana svetog Tome,,Campiello San Tommaso,,,,
Ponte Porton - Ponte Porton,Ponte Porton,,Ponte Porton,,,,
Porečka ulica - Via Parenzo,Porečka ulica,,Via Parenzo,,,Q5323,
Poropati - Poropati,Poropati,,Poropati,,,,
Porporela - Porporella,Porporela,,Porporella,,,,
Portoroška ulica - Via Portorose,Portoroška ulica,,Via Portorose,,,,
Pošeš,Pošeš,,Possesso,,,,
Postolarska ulica - Via dei Caligheri,Postolarska ulica,,Via dei Caligheri,,,,
Postolarska ulica - Via dei calzolai,Postolarska ulica,,Via dei calzolai,,,,
Prašćarija - Praschiaria,Prašćarija,,Praschiaria,,,,
Premanturska cesta - Via Promontore,Premanturska cesta,,Via Promontore,,,,
Preradovićeva ulica - Via Petar Preradović,Preradovićeva ulica,,Via Petar Preradović,,,,
Prilaz Barake - Via Baracche,Prilaz Barake,,Via Baracche,,,,
Prilaz Cerella - Via Cerella,Prilaz Cerella,,Via Cerella,,,,
Prilaz Kanal - Via del canale,Prilaz Kanal,,Via del canale,,,,
Prilaz Kralja Salamona - Via Re Salomone,Prilaz Kralja Salamona,,Via Re Salomone,,,,
Prilaz Macaria - Corte della Macaria,Prilaz Macaria,,Corte della Macaria,,,,
Prilaz marini - Passo marina,Prilaz marini,,Passo marina,,,,
Prilaz Monte Cappelletta - Via Monte Cappelletta,Prilaz Monte Cappelletta,,Via Monte Cappelletta,,,,
Prilaz Pjacal - Via Piazzale,Prilaz Pjacal,,Via Piazzale,,,,
Prilaz Plazina - Largo Plazina,Prilaz Plazina,,Largo Plazina,,,,
Prilaz Plovana Mikule - Via del Pievano Mikula,Prilaz Plovana Mikule,,Via del Pievano Mikula,,,,
Prilaz Puljskih španjolskih boraca - Via dei Combattenti polesi di Spagna,Prilaz Puljskih španjolskih boraca,,Via dei Combattenti polesi di Spagna,,,,
Prilaz Runci - Via Ronzi,Prilaz Runci,,Via Ronzi,,,,
Prilaz sv. Germana - Via San Germano,Prilaz sv. Germana,,Via San Germano,,,,
Primorska,Primorska ulica,,Via Litoranea,,,,
Primorska ulica - Via del Litorale,Primorska ulica,,Via del Litorale,,,,
Princip Brijeg - Monte Principe,Princip Brijeg,,Monte Principe,,,,
Prišći - Pristi,Prišći,,Pristi,,,,
"Prolaz ""Naše sloge"" - Vicolo ""Naša sloga""","Prolaz ""Naše sloge""",,"Vicolo ""Naša sloga""",,,,
Prolaz Giovannija F. Spongije - Passo Giovanni F. Spongia,Prolaz Giovannija F. Spongije,,Passo Giovanni F. Spongia,,,,
Prolaz kod kazališta - Vicolo del teatro,Prolaz kod kazališta,,Vicolo del teatro,,,,
Prolaz kod zdenca - Vicolo del pozzetto,Prolaz kod zdenca,,Vicolo del pozzetto,,,,
Prolaz Marije Maretić - Passo Marija Maretić,Prolaz Marije Maretić,,Passo Marija Maretić,,,,
Prolaz Milana Macana - Passo Milan Macan,Prolaz Milana Macana,,Passo Milan Macan,,,,
Prolaz P. Bobicchija - Passo P. Bobicchio,Prolaz P. Bobicchija,,Passo P. Bobicchio,,,,
Prolaz Peškera,,,,,,,
Prolaz stare uljare - Passo del torcio,Prolaz stare uljare,,Passo del torcio,,,,
Prolaz sv. Damjana - Volto s. Damiano,Prolaz sv. Damjana,,Volto s. Damiano,,,,
Prolaz sv. Nikole - Via San Nicolò,Prolaz sv. Nikole,,Via San Nicolò,,,,
Prolaz Venecija - Largo Venezia,Prolaz Venecija,,Largo Venezia,,,,
Proljetna obala - Riva della Primavera,Proljetna obala,,Riva della Primavera,,,,
Prva ulica - Prima Strada,Prva ulica,,Prima Strada,,,,
Prvog maja,Ulica prvog maja,,,Május 1. utca,,,
Prvomajska,Prvomajska ulica,,Via I Maggio,,,,
Puljere - Puliere,Puljere,,Puliere,,,,
Puljska cesta - Via Pola,Puljska cesta,,Via Pola,,,,
Pulska,Pulska ulica,,Via Pola,,,Q4656,
Pulska cesta - Strada di Pola,Pulska cesta,,Strada di Pola,,,,
Pulska ulica - Via Pola,Pulska ulica,,Via Pola,,,,
Punta,Punta,,Punta,,,,
Punta - Punta,Punta,,Punta,,,,
Pusta ulica - Vicolo del deserto,Pusta ulica,,Vicolo del deserto,,,,
Put Gazo - Strada Gaso,Put Gazo,,Strada Gaso,,,,
Put maslina - Strada degli Olivi,Put maslina,,Strada degli Olivi,,,,
Put od fortica - Strada dei forti,Put od fortica,,Strada dei forti,,,,
Put Salteria - Strada Salteria,Put Salteria,,Strada Salteria,,,,
Put Stjepana Konzula Istranina - Strada Stefano Console Pinguentino,Put Stjepana Konzula Istranina,,Strada Stefano Console Pinguentino,,,,
Put sv. Elizeja - Strada S. Eliseo,Put sv. Elizeja,,Strada S. Eliseo,,,,
Put Valsaresi - Strada Valsaresi,Put Valsaresi,,Strada Valsaresi,,,,
Put za kanalić - Via Canaletto,Put za kanalić,,Via Canaletto,,,,
Putinjina ulica - Via Vittorio Puttigna,Putinjina ulica,,Via Vittorio Puttigna,,,,
Rabarova ulica - Via Ivan Rabar,Rabarova ulica,,Via Ivan Rabar,,,,
Radanići - Radanici,Radanići,,Radanici,,,,
Rade Končara,Ulica Rade Končara,,Via Rade Končar,,,Q640602,
Radićeva ulica - Via Stjepan Radić,Radićeva ulica,,Via Stjepan Radić,,,,
Radini - Radini,Radini,,Radini,,,,
Radnička ulica - Via degli operai,Radnička ulica,,Via degli operai,,,,
Radnička ulica - Via dei Lavoratori,Radnička ulica,,Via dei Lavoratori,,,,
Radovac - Radovaz,Radovac,,Radovaz,,,,
Rajka Stipe,Ulica Rajka Stipe,,,,,,
Rajna,Rajna ulica,,,Rajna utca,,,
Rakari - Raccari,Rakari,,Raccari,,,,
Rakovčeva ulica - Via Joakim Rakovac,Rakovčeva ulica,,Via Joakim Rakovac,,,,
Rakovci - Racovaz,Rakovci,,Racovaz,,,,
Rapiciov prilaz - Via Andrea Rapicio,Rapiciov prilaz,,Via Andrea Rapicio,,,,
Rapska,Rapska ulica,,Via Arpe,,,Q13277,
Raška ulica - Via Arsia,Raška ulica,,Via Arsia,,,,
Raskršće - Crosera,Raskršće,,Crosera,,,,
Rasparaganov uspon - Clivo Rasparagano,Rasparaganov uspon,,Clivo Rasparagano,,,,
Rašporska ulica - Via Raspor,Rašporska ulica,,Via Raspor,,,,
Ratarska ulica - Via degli agricoltori,Ratarska ulica,,Via degli agricoltori,,,,
Ravenska ulica - Via Ravenna,Ravenska ulica,,Via Ravenna,,,,
Ravna dolina - Valdepian,Ravna dolina,,Valdepian,,,,
Ravnica - Raunizza,Ravnica,,Raunizza,,,,
Ražmani - Rasmani,Ražmani,,Rasmani,,,,
Ražmani na cesti - Rasmani in strada,Ražmani na cesti,,Rasmani in strada,,,,
Regancini - Reganzini,Regancini,,Reganzini,,,,
Respili - Respilli,Respili,,Respilli,,,,
Revelanteova ulica - Via Giulio Revelante,Revelanteova ulica,,Via Giulio Revelante,,,,
Ribarnička ulica - Via Pescheria,Ribarnička ulica,,Via Pescheria,,,,
Ribarska ulica - Via dei pescatori,Ribarska ulica,,Via dei pescatori,,,,
Ribarska ulica - Via dei Pescatori,Ribarska ulica,,Via dei Pescatori,,,,
Ribarski prolaz - Passo dei pescatori,Ribarski prolaz,,Passo dei pescatori,,,,
Ribarski trg,Ribarski trg,,Piazza dei Pescatori,,,,
Riječka ulica - Via Fiume,Riječka ulica,,Via Fiume,,,,
Riječki gat - Molo Fiume,Riječki gat,,Molo Fiume,,,,
Riva - Riva,Riva,,Riva,,,,
Riva istok - Riva Est,Riva istok,,Riva Est,,,,
Riva zapad - Riva Ovest,Riva zapad,,Riva Ovest,,,,
Rizzijeva ulica - Via Lodovico Rizzi,Rizzijeva ulica,,Via Lodovico Rizzi,,,,
Ročka,Ročka ulica,,Via Rozzo,,,,
Ročki prilaz - Androna Rozzo,Ročki prilaz,,Androna Rozzo,,,,
Rohreggerova ulica - Via Riccardo Rohregger,Rohreggerova ulica,,Via Riccardo Rohregger,,,,
Romanija - Romania,Romanija,,Romania,,,,
Rotarija - Rotteria,Rotarija,,Rotteria,,,,
Rovini-Malini - Rovini-Malini,Rovini-Malini,,Rovini-Malini,,,,
Rovinjska,Rovinjska ulica,,Via Rovigno,,,Q5316,
Rovinjska ulica - Via Rovigno,Rovinjska ulica,,Via Rovigno,,,Q5316,
Rožac - Rosazzo,Rožac,,Rosazzo,,,,
Rožmanija - Rosmania,Rožmanija,,Rosmania,,,,
Rucaj - Ruzzai,Rucaj,,Ruzzai,,,,
Rudarska ulica - Via dei Minatori,Rudarska ulica,,Via dei Minatori,,,,
Rudići - Rudici,Rudići,,Rudici,,,,
Rumeni - Rumeni,Rumeni,,Rumeni,,,,
Rupeni - Rupena,Rupeni,,Rupena,,,,
Rušeti - Russeti,Rušeti,,Russeti,,,,
Ružina ulica - Rozsa Utca,Ružina ulica,,,Rozsa Utca,,,
Šabani - Sabani,Šabani,,Sabani,,,,
Šaini - Saini,Šaini,,Saini,,,,
Šaini (kod Malini) - Saini (di Malini),Šaini (kod Malini),,Saini (di Malini),,,,
Šaltarija - Salteria,Šaltarija,,Salteria,,,,
Salvela - Salvela,Salvela,,Salvela,,,,
Salvela (Stancija),Salvela,,,,Salvela Stancija,,
San Marko,Sveti Marko,,San Marko,,,,
Šandaljska ulica - Via San Daniele,Šandaljska ulica,,Via San Daniele,,,,
Santarija,Santarija,,Santaria,,,,
Santoriova ulica - Via Santorio Santorio,Santoriova ulica,,Via Santorio Santorio,,,,
Sarbarica - Sarbarizza,Sarbarica,,Sarbarizza,,,,
Šauli - Sauli,Šauli,,Sauli,,,,
Save Vukelića,Ulica Save Vukelića,,Via Savo Vukelić,,,Q3446553,
Savičentska ulica - Via Sanvincenti,Savičentska ulica,,Via Sanvincenti,,,,
Šavleti - Sauletti,Šavleti,,Sauletti,,,,
Savudrija - Salvore,Savudrija,,Salvore,,,,
Savudrijska ulica - Via Salvore,Savudrijska ulica,,Via Salvore,,,,
Sažoni - Sasoni,Sažoni,,Sasoni,,,,
Scalierova ulica - Via Luigi Scalier,Scalierova ulica,,Via Luigi Scalier,,,,
Šćavonija - Schiavonia,Šćavonija,,Schiavonia,,,,
Ščavonija - Schiavonia,Ščavonija,,Schiavonia,,,,
Schiavuzzijev prilaz - Via Bernardo Schiavuzzi,Schiavuzzijev prilaz,,Via Bernardo Schiavuzzi,,,,
Sedma ulica - Settima Strada,Sedma ulica,,Settima Strada,,,,
Šegalini - Segalini,Šegalini,,Segalini,,,,
Šegari - Segari,Šegari,,Segari,,,,
Seget - Seghetto,Seget,,Seghetto,,,,
Segetska ulica - Via Seghetto,Segetska ulica,,Via Seghetto,,,,
Šenoina ulica - Via August Šenoa,Šenoina ulica,,Via August Šenoa,,,,
Šeraje - Seraie,Šeraje,,Seraie,,,,
Serliov prilaz - Androna Sebastiano Serlio,Serliov prilaz,,Androna Sebastiano Serlio,,,,
Šesnaesta ulica - Sedicesima Strada,Šesnaesta ulica,,Sedicesima Strada,,,,
Šesta ulica - Sesta Strada,Šesta ulica,,Sesta Strada,,,,
Šetalište Antona Restovića,Šetalište Antona Restovića,,Lungomare Anton Restović,,,Q25497533,
Šetalište Belvedere - Strada Belvedere,Šetalište Belvedere,,Strada Belvedere,,,,
Šetalište Cuvi - Lungomare Cuvi,Šetalište Cuvi,,Lungomare Cuvi,,,,
Šetalište Miramare - Viale Miramare,Šetalište Miramare,,Viale Miramare,,,,
Šetalište Santarel - Lungomare Santarel,Šetalište Santarel,,Lungomare Santarel,,,,
Šetalište uvale Lone - Lungomare cul di Lone,Šetalište uvale Lone,,Lungomare cul di Lone,,,,
Šetalište Vijeća Europe - Lungomare del Consiglio d'Europa,Šetalište Vijeća Europe,,Lungomare del Consiglio d'Europa,,,,
Šetalište Vladimira Gortana - Viale Vladimir Gortan,Šetalište Vladimira Gortana,,Viale Vladimir Gortan,,,,
Šibenija - Sibenia,Šibenija,,Sibenia,,,,
Šibenska ulica - Via Sebenico,Šibenska ulica,,Via Sebenico,,,,
Šijanska cesta - Via Siana,Šijanska cesta,,Via Siana,,,,
Šikićanska ulica - Via Sichici,Šikićanska ulica,,Via Sichici,,,,
Simonetija - Simonetia,Simonetija,,Simonetia,,,,
Sipar - Sipar,Sipar,,Sipar,,,,
Siparina - Siparina,Siparina,,Siparina,,,,
Siparska ulica - Via Sipar,Siparska ulica,,Via Sipar,,,,
Širolina ulica - Via Vitomir Širola Pajo,Širolina ulica,,Via Vitomir Širola Pajo,,,,
Sisačka ulica - Via Sisak,Sisačka ulica,,Via Sisak,,,,
Šišanska cesta - Via Sissano,Šišanska cesta,,Via Sissano,,,,
Šistak,Šistak,,,,,,
Škaleta - Scaletta,Škaleta,,Scaletta,,,,
Škarjevac - Scarievaz,Škarjevac,,Scarievaz,,,,
Škarlanija - Scarlania,Škarlanija,,Scarlania,,,,
Škataranska ulica - Via Scattari,Škataranska ulica,,Via Scattari,,,,
Škavaci - Scavazzi,Škavaci,,Scavazzi,,,,
Škavnice - Scavnize,Škavnice,,Scavnize,,,,
Škeri - Scheri,Škeri,,Scheri,,,,
Škofi - Scoffi,Škofi,,Scoffi,,,,
Školska ulica - Via della Scuola,Školska ulica,,Via della Scuola,,,,
Školski trg - Piazza della scuola,Školski trg,,Piazza della scuola,,,,
Škrile - Scrile,Škrile,,Scrile,,,,
Škrinjari - Scrignari,Škrinjari,,Scrignari,,,,
Škrlići - Scherlici,Škrlići,,Scherlici,,,,
Škrlini - Scarlini,Škrlini,,Scarlini,,,,
Škudelin - Scudelin,Škudelin,,Scudelin,,,,
Škverska ulica - Via Squero,Škverska ulica,,Via Squero,,,,
Slavonska ulica - Via Slavonia,Slavonska ulica,,Via Slavonia,,,,
Slijepa ulica - Calle Orba,Slijepa ulica,,Calle Orba,,,,
Smareglijeva ulica - Via Antonio Smareglia,Smareglijeva ulica,,Via Antonio Smareglia,,,,
Smareglina ulica - Via Antonio Smareglia,Smareglina ulica,,Via Antonio Smareglia,,,,
Smilovići - Smilovici,Smilovići,,Smilovici,,,,
Soline - Soline,Soline,,Soline,,,,
Šorgi - Sorghi,Šorgi,,Sorghi,,,,
Sosa - Sossa,Sosa,,Sossa,,,,
Soši - Sossi,Soši,,Sossi,,,,
Sošići - Sossici,Sošići,,Sossici,,,,
Špadići,Ulica Špadići,,Via Spada,,,,
Španjolskih boraca,Ulica španjolskih boraca,,Via Combattenti Spagnoli,,,Q2987146,
Specijarija - Speziaria,Specijarija,,Speziaria,,,,
Specola - Specola,Specola,,Specola,,,,
Špina - Spina,Špina,,Spina,,,,
Spinčićeva ulica - Via Vjekoslav Spinčić,Spinčićeva ulica,,Via Vjekoslav Spinčić,,,,
Špinel - Spinel,Špinel,,Spinel,,,,
Špinotija - Spinottia,Špinotija,,Spinottia,,,,
Splitska ulica - Via Spalato,Splitska ulica,,Via Spalato,,,,
Sponzina ulica - Via Francesco Sponza,Sponzina ulica,,Via Francesco Sponza,,,,
Sportska,Sportska ulica,,,Sport utca,,,
Srednja ulica - Via media,Srednja ulica,,Via media,,,,
St. Angelini,Stancija Angelini,,Stanzia Angelini,,,,
St. Gatti,Stancija Gatti,,Stanzia Gatti,,,,
Stancija,Stancija,,Stanzia,,,,
Stancija Ambrozi - Stanzia Ambrosi,Stancija Ambrozi,,Stanzia Ambrosi,,,,
Stancija Amorozo,Stancija Amorozo,,Stanzia Amorozo,,,,
Stancija Benuška,Stancija Benuška,,Stanzia Benuška,,,,
Stancija Bergamante,Stancija Bergamante,,Stanzia Bergamante,,,,
Stancija Božić - Stanzia Bozic,Stancija Božić,,Stanzia Bozic,,,,
Stancija Bracanija - Stanzia Brazzania,Stancija Bracanija,,Stanzia Brazzania,,,,
Stancija Bružada - Stanzia Brusada,Stancija Bružada,,Stanzia Brusada,,,,
Stancija Druškovići - Stanzia Drušković,Stancija Druškovići,,Stanzia Drušković,,,,
Stancija Fava - Stanzia Fava,Stancija Fava,,Stanzia Fava,,,,
Stancija Gržina,Stancija Gržina,,Stancia Ghersina,,,,
Stancija Koči - Stancia Coci,Stancija Koči,,Stancia Coci,,,,
Stancija Koraca - Stanzia Corazza,Stancija Koraca,,Stanzia Corazza,,,,
Stancija Lakoti - Stanzia Lacoti,Stancija Lakoti,,Stanzia Lacoti,,,,
Stancija Loj - Stanzia Loi,Stancija Loj,,Stanzia Loi,,,,
Stancija Padovan,Stancija Padovan,,Stanzia Padovan,,,,
Stancija Petrinja - Stanzia Petrigna,Stancija Petrinja,,Stanzia Petrigna,,,,
Stancija Rosello - Stanzia Rosello,Stancija Rosello,,Stanzia Rosello,,,,
Stancija Silić - Stanzia Sillich,Stancija Silić,,Stanzia Sillich,,,,
Stancija Šparanja - Stanzia Sparagna,Stancija Šparanja,,Stanzia Sparagna,,,,
Stancija Torčelo - Stanzia Torcello,Stancija Torčelo,,Stanzia Torcello,,,,
Stancija Viđini - Stanzia Vigini,Stancija Viđini,,Stanzia Vigini,,,,
Stancija Vinjeri - Stanzia Vigneri,Stancija Vinjeri,,Stanzia Vigneri,,,,
Stancija Vodopija - Stanzia Bevilacqua,Stancija Vodopija,,Stanzia Bevilacqua,,,,
Stancija Volpi,Stancija Volpi,,Stanzia Volpi,,,,
Stancija Zrinjska - Stanzia Zrinsca,Stancija Zrinjska,,Stanzia Zrinsca,,,,
Stancija Zubin - Stanzia Zubin,Stancija Zubin,,Stanzia Zubin,,,,
Stancijeta - Stanzietta,Stancijeta,,Stanzietta,,,,
Stanica - Stazione,Stanica,,Stazione,,,,
Stanići - Stanici,Stanići,,Stanici,,,,
Stanična ulica - Via stazione,Stanična ulica,,Via stazione,,,,
Stankovićeva ulica - Via Pietro Stancovich,Stankovićeva ulica,,Via Pietro Stancovich,,,,
Starići - Starici,Starići,,Starici,,,,
Štelki - Stelchi,Štelki,,Stelchi,,,,
Stella Maris - Stella Maris,Stella Maris,,Stella Maris,,,,
Šterna - Sterna,Šterna,,Sterna,,,,
Sterpin - Sterpin,Sterpin,,Sterpin,,,,
Štifanići - Stifanici,Štifanići,,Stifanici,,,,
Stiglicheva ulica - Via Alfredo Stiglich,Stiglicheva ulica,,Via Alfredo Stiglich,,,,
Štinjanska cesta - Via Stignano,Štinjanska cesta,,Via Stignano,,,,
Stj. Konzula Istranina,Ulica Stjepana Konzula Istranina,,Via Stjepan Konzul Istranin,,,Q12642793,
Stolarska ulica - Via dei falegnami,Stolarska ulica,,Via dei falegnami,,,,
Strahi - Strachi,Strahi,,Strachi,,,,
Stražice - Strasize,Stražice,,Strasize,,,,
Štrcaj - Sterzai,Štrcaj,,Sterzai,,,,
Štrika - Strica,Štrika,,Strica,,,,
Štroligarija - Stroligheria,Štroligarija,,Stroligheria,,,,
Strossmayerova ulica - Via Josip Juraj Strossmayer,Strossmayerova ulica,,Via Josip Juraj Strossmayer,,,,
Stube iza tvrđave - Scaletta dietro castello,Stube iza tvrđave,,Scaletta dietro castello,,,,
Stube Jurine i Franine - Scalinata Jurina e Franina,Stube Jurine i Franine,,Scalinata Jurina e Franina,,,,
Stube Villa - Gradinata Villa,Stube Villa,,Gradinata Villa,,,,
Studenčeva ulica - Via Petar Studenac,Studenčeva ulica,,Via Petar Studenac,,,,
Suhi Lug - Bosco Secco,Suhi Lug,,Bosco Secco,,,,
Sunčana ulica - Via soleggiata,Sunčana ulica,,Via soleggiata,,,,
Sunčana ulica - Via Soleggiata,Sunčana ulica,,Via Soleggiata,,,,
Supilova ulica - Via Frano Supilo,Supilova ulica,,Via Frano Supilo,,,,
Šušnjići - Susnici,Šušnjići,,Susnici,,,,
Suza planina,AdminUnitName.5006123,,61743,Suza,,4thOrder,
Sv. Eleuterija,Ulica svetog Eleuterija,,Via San Eleuterio,,,,
Sv. Maura,Ulica svetog Maura,,Via San Mauro,,,Q380345,
Švalbina ulica - Via Vladimir Švalba-Vid,Švalbina ulica,,Via Vladimir Švalba-Vid,,,,
Šverki - Sferchi,Šverki,,Sferchi,,,,
Sveta Cecilija,Sveta Cecilija,,,,,Q80513,
Sveta Jelena - Santa Elena,Sveta Jelena,,Santa Elena,,,,
Sveta Lucija - Santa Lucia,Sveta Lucija,,Santa Lucia,,,,
Sveta Marija na Krasu - Madonna del Carso,Sveta Marija na Krasu,,Madonna del Carso,,,,
Sveti Duh - Santo Spirito,Sveti Duh,,Santo Spirito,,,,
Sveti Ivan - San Giovanni,Sveti Ivan,,San Giovanni,,,,
Sveti Juraj - San Giorgio,Sveti Juraj,,San Giorgio,,,,
Sveti Mavar - San Mauro,Sveti Mavar,,San Mauro,,,,
Sveti Pelegrin - San Pellegrino,Sveti Pelegrin,,San Pellegrino,,,,
Sveti Petar - San Pietro,Sveti Petar,,San Pietro,,,,
Sveti Servul - San Servolo,Sveti Servul,,San Servolo,,,,
Sveti Silvestar - San Silvestro,Sveti Silvestar,,San Silvestro,,,,
Sveti Stjepan - San Stefano,Sveti Stjepan,,San Stefano,,,,
Sveti Valentin - San Valentino,Sveti Valentin,,San Valentino,,,,
Sveti Vid - San Vito,Sveti Vid,,San Vito,,,,
Svjetioničarska ulica - Via del Faro,Svjetioničarska ulica,,Via del Faro,,,,
Svodna ulica - Via del Volto,Svodna ulica,,Via del Volto,,,,
"T. n. ""Monsena""",Turističko naselje Monsena,,,,,,
"T. n. ""Val de Lesso""",Turističko naselje Val de Lesso,,,,,,
Talari - Talleri,Talari,,Talleri,,,,
Tarska,Tarska ulica,,Via Torre,,,,
Tarska ulica - Via Torre,Tarska ulica,,Via Torre,,,,
Tartinijeva ulica - Via Giuseppe Tartini,Tartinijeva ulica,,Via Giuseppe Tartini,,,,
Tašići - Tassici,Tašići,,Tassici,,,,
Tavijanija - Taviania,Tavijanija,,Taviania,,,,
Templarski prilaz - Via dei Templari,Templarski prilaz,,Via dei Templari,,,,
Tentorova ulica - Via Ante Tentor,Tentorova ulica,,Via Ante Tentor,,,,
Tere - Terre,Tere,,Terre,,,,
Teslina ulica - Via Nikola Tesla,Teslina ulica,,Via Nikola Tesla,,,Q9036,
Tigor - Tigor,Tigor,,Tigor,,,,
Tina Ujevića,Ulica Tina Ujevića,,Via Tin Ujević,,,Q347643,
Tinjanska,Tinjanska ulica,,Via Antignana,,,,
Tiola - Tiola,Tiola,,Tiola,,,,
Titova riva - Riva Tito,Titova riva,,Riva Tito,,,,
Tivolski put - Vicolo Tivoli,Tivolski put,,Vicolo Tivoli,,,,
Tkalačka ulica - Via dei tessitori,Tkalačka ulica,,Via dei tessitori,,,,
Todeški - Todeschi,Todeški,,Todeschi,,,,
Tomasinijeva ulica - Via Giacomo Filippo Tomasini,Tomasinijeva ulica,,Via Giacomo Filippo Tomasini,,,,
Tommaseova ulica - Via Nicolò Tommaseo,Tommaseova ulica,,Via Nicolò Tommaseo,,,,
Trampuši - Trampussi,Trampuši,,Trampussi,,,,
Treća ulica - Terza Strada,Treća ulica,,Terza Strada,,,,
Trevisol - Trevisol,Trevisol,,Trevisol,,,,
Trg 1. svibnja - Piazza Primo Maggio,Trg 1. svibnja,,Piazza Primo Maggio,,,,
Trg Ač Gedeona - Ács Gedeon Tér,Trg Ač Gedeona,,,Ács Gedeon Tér,,,
Trg Andree Antica - Piazza Andrea Antico,Trg Andree Antica,,Piazza Andrea Antico,,,,
Trg Anne Marije Smocovich - Piazza Anna Maria Smocovich,Trg Anne Marije Smocovich,,Piazza Anna Maria Smocovich,,,,
Trg Ante Babića - Piazza Ante Babić,Trg Ante Babića,,Piazza Ante Babić,,,,
Trg Antona Grabara,Trg Antona Grabara,,Piazza Anton Grabar,,,Q3448734,
Trg Antonija Gramscija - Piazza Antonio Gramsci,Trg Antonija Gramscija,,Piazza Antonio Gramsci,,,,
Trg Brajde - Piazza Braide,Trg Brajde,,Piazza Braide,,,,
Trg Brodogradilišta - Piazzetta degli squeri,Trg Brodogradilišta,,Piazzetta degli squeri,,,,
Trg Cornera - Piazza Corner,Trg Cornera,,Piazza Corner,,,,
Trg Ferruccia Poiania - Piazza Ferruccio Poiania,Trg Ferruccia Poiania,,Piazza Ferruccio Poiania,,,,
Trg Finide - Piazza Finida,Trg Finide,,Piazza Finida,,,,
Trg fontana - Piazza fontana,Trg fontana,,Piazza fontana,,,,
Trg Frana Supila,Trg Frana Supila,,Piazza Frano Supilo,,,Q692107,
Trg G. Pignaton - Piazza G. Pignaton,Trg G. Pignaton,,Piazza G. Pignaton,,,,
Trg glagoljaša - Piazza dei glagolitici,Trg glagoljaša,,Piazza dei glagolitici,,,,
Trg I. istarske brigade - Piazza della I brigata istriana,Trg I. istarske brigade,,Piazza della I brigata istriana,,,,
Trg istarskih mučenika - Piazza dei martiri istriani,Trg istarskih mučenika,,Piazza dei martiri istriani,,,,
Trg javne vage - Largo della pesa,Trg javne vage,,Largo della pesa,,,,
Trg Joakima Rakovca,Trg Joakima Rakovca,,Piazza Joakim Rakovac,,,Q12747705,
Trg Josipa Broza Tita - Piazza Josip Broz Tito,Trg Josipa Broza Tita,,Piazza Josip Broz Tito,,,,
Trg kneza Branimira,Trg kneza Branimira,,Piazza knez Branimir,,,Q898531,
Trg kralja Epulona - Piazza re Epulo,Trg kralja Epulona,,Piazza re Epulo,,,,
Trg Kralja Tomislava - Piazza Re Tomislav,Trg Kralja Tomislava,,Piazza Re Tomislav,,,,
Trg La musa - Piazza La musa,Trg La musa,,Piazza La musa,,,,
Trg Lođe - Piazza della Loggia,Trg Lođe,,Piazza della Loggia,,,,
Trg Lože - Piazza della Loggia,Trg Lože,,Piazza della Loggia,,,,
Trg Marafor,Trg Marafor,,Piazza Marafor,,,,
Trg Marije i Line - Piazza Maria e Lina,Trg Marije i Line,,Piazza Maria e Lina,,,,
Trg maršala Tita - Piazza Maresciallo Tito,Trg maršala Tita,,Piazza Maresciallo Tito,,,,
Trg Matije Gupca,Trg Matije Gupca,,Piazza Matija Gubec,,,Q715968,
Trg Mazzini - Piazza Mazzini,Trg Mazzini,,Piazza Mazzini,,,,
Trg na Križu - Piazzale al Cristo,Trg na Križu,,Piazzale al Cristo,,,,
Trg na lokvi - Piazzale del laco,Trg na lokvi,,Piazzale del laco,,,,
Trg na mostu - Piazza al Ponte,Trg na mostu,,Piazza al Ponte,,,,
Trg na mostu - Piazza del ponte,Trg na mostu,,Piazza del ponte,,,,
Trg obitelji de Vergottini - Piazza de Vergottini,Trg obitelji de Vergottini,,Piazza de Vergottini,,,,
Trg palih boraca - Piazza ai caduti,Trg palih boraca,,Piazza ai caduti,,,,
Trg Poceto - Piazza Pozzeto,Trg Poceto,,Piazza Pozzeto,,,,
Trg Portarata - Piazza Port'aurea,Trg Portarata,,Piazza Port'aurea,,,,
Trg Prvog svibnja - Piazza Primo maggio,Trg Prvog svibnja,,Piazza Primo maggio,,,,
Trg Republike - Piazza della Repubblica,Trg Republike,,Piazza della Repubblica,,,,
Trg Ruggera Paladina - Piazza Ruggero Paladin,Trg Ruggera Paladina,,Piazza Ruggero Paladin,,,,
Trg Sant'Elena - Piazza Sant'Elena,Trg Sant'Elena,,Piazza Sant'Elena,,,,
Trg slobode,Trg slobode,,Piazza della Libertà,,,,
Trg Slobode - Piazza della Liberta,Trg Slobode,,Piazza della Liberta,,,,
Trg slobode - Piazza libertà,Trg slobode,,Piazza libertà,,,,
Trg slobode - Piazza Libertà,Trg slobode,,Piazza Libertà,,,,
Trg Stara korta - Piazza Corte Vecchia,Trg Stara korta,,Piazza Corte Vecchia,,,,
Trg Stara tržnica - Piazza Mercato vecchio,Trg Stara tržnica,,Piazza Mercato vecchio,,,,
Trg Stare škole - Piazza Scuola vecchia,Trg Stare škole,,Piazza Scuola vecchia,,,,
Trg Statuta - Piazza dello Statuto,Trg Statuta,,Piazza dello Statuto,,,,
Trg sv. Eufemije - Piazzale s. Eufemia,Trg sv. Eufemije,,Piazzale s. Eufemia,,,,
Trg sv. Kuzme i Damjana - Piazza S. Cosimo e Damiano,Trg sv. Kuzme i Damjana,,Piazza S. Cosimo e Damiano,,,,
Trg sv. Pelagija - Piazzale s. Pelagio,Trg sv. Pelagija,,Piazzale s. Pelagio,,,,
Trg sv. Tome - P.zza San Tommaso,Trg sv. Tome,,P.zza San Tommaso,,,,
Trg svetog Martina - Piazza San Martino,Trg svetog Martina,,Piazza San Martino,,,,
Trg svetog Servola - Piazza San Servolo,Trg svetog Servola,,Piazza San Servolo,,,,
Trg svetog Zenona - Piazza San Zenone,Trg svetog Zenona,,Piazza San Zenone,,,,
Trg Tomaso Bembo - Piazza Tomaso Bembo,Trg Tomaso Bembo,,Piazza Tomaso Bembo,,,,
Trg ulika - Piazza degli olivi,Trg ulika,,Piazza degli olivi,,,,
Trg Valdibora,Trg Valdibora,,,,,,
Trg Velog Jože - Piazza Veli Jože,Trg Velog Jože,,Piazza Veli Jože,,,,
Trg Venecije - Piazza Venezia,Trg Venecije,,Piazza Venezia,,,,
Trgovačka ulica - Via Commerciale,Trgovačka ulica,,Via Commerciale,,,,
Trgovačka ulica - Via Merceria,Trgovačka ulica,,Via Merceria,,,,
Triban - Tribano,Triban,,Tribano,,,,
Trierska ulica - Via Trier,Trierska ulica,,Via Trier,,,,
Trinajstićeva ulica - Via Dinko Trinajstić,Trinajstićeva ulica,,Via Dinko Trinajstić,,,,
Trkusi - Tarcussi,Trkusi,,Tarcussi,,,,
Tršćanska ulica - Via Trieste,Tršćanska ulica,,Via Trieste,,,,
Turini - Turini,Turini,,Turini,,,,
Turistička,Turistička ulica,,,,,,
Turkija - Turchia,Turkija,,Turchia,,,,
Turtijanska ulica - Via Tortigliano,Turtijanska ulica,,Via Tortigliano,,,,
Turulska ulica - Via Turulla,Turulska ulica,,Via Turulla,,,,
Učki uspon - Clivo Monte Maggiore,Učki uspon,,Clivo Monte Maggiore,,,,
Ujevićeva ulica - Via Tin Ujević,Ujevićeva ulica,,Via Tin Ujević,,,,
Ul. Dolinja Vas - Via Villa di Sotto,Ulica Dolinja Vas,,Via Villa di Sotto,,,,
Ul. Gorinja Vas - Via Villa di Sopra,Ulica Gorinja Vas,,Via Villa di Sopra,,,,
Ulica 1. maja - Via 1. Maggio,Ulica 1. maja,,Via 1. Maggio,,,,
Ulica 1. maja - Via 1. maggio,Ulica 1. maja,,Via 1. maggio,,,,
Ulica 1. svibnja - Via Primo Maggio,Ulica 1. svibnja,,Via Primo Maggio,,,,
Ulica 1. svibnja - Via Primo maggio,Ulica 1. svibnja,,Via Primo maggio,,,,
Ulica 154. brigade Hrvatske vojske - Via 154ª Brigata dell'Esercito croato,Ulica 154. brigade Hrvatske vojske,,Via 154. brigata dell' esercito Croato,,,,
Ulica 154. brigade HV - Via della 154a brigata dell'EC,Ulica 154. brigade HV,,Via della 154ª brigata dell'EC,,,,
Ul. 154. brigade HV-a - Via della 154ª brigata dell'EC,Ulica 154. brigade HV-a,,Via della 154ª brigata dell'EC,,,,
Ulica 16. januara - Via 16. gennaio,Ulica 16. januara,,Via 16. gennaio,,,,
Ulica 43. istarske divizije - Via 43. Divisione Istriana,Ulica 43. istarske divizije,,Via 43. Divisione Istriana,,,,
Ulica 43. istarske divizije - Via 43ª Divisione Istriana,Ulica 43. istarske divizije,,Via 43ª Divisione Istriana,,,,
Ulica 43. istarske divizije - Via della 43. a divisione istriana,Ulica 43. istarske divizije,,Via della 43ª divisione istriana,,,,
Ulica 43. istarske divizije - Via della 43a Divisione istriana,Ulica 43. istarske divizije,,Via della 43ª Divisione istriana,,,,
Ulica 43. istarske divizije - Via della XLIII divisione istriana,Ulica 43. istarske divizije,,Via della XLIII divisione istriana,,,,
Ulica 6. svibnja - Via 6 Maggio,Ulica 6. svibnja,,Via 6 Maggio,,,,
Ulica 8. ožujka - Via 8 Marzo,Ulica 8. ožujka,,Via 8 Marzo,,,,
Ulica Agnana - Via Agnana,Ulica Agnana,,Via Agnana,,,,
Ulica Albonosi - Via Albonosi,Ulica Albonosi,,Via Albonosi,,,,
Ulica Alda Negria - Via Aldo Negri,Ulica Alda Negria,,Via Aldo Negri,,,,
Ulica Aldo Negri - Via Aldo Negri,Ulica Aldo Negri,,Via Aldo Negri,,,,
Ulica Aleksandra Rukavine - Via Aleksandar Rukavina,Ulica Aleksandra Rukavine,,Via Aleksandar Rukavina,,,,
Ulica Alessandra Manzonia - Via Alessandro Manzoni,Ulica Alessandra Manzonia,,Via Alessandro Manzoni,,,,
Ulica Alide Valli - Via Alida Valli,Ulica Alide Valli,,Via Alida Valli,,,Q106940,
Ulica Andree Amorosa - Via Andrea Amoroso,Ulica Andree Amorosa,,Via Andrea Amoroso,,,,
Ulica Andree iz Bala - Via Andrea da Valle,Ulica Andree iz Bala,,Via Andrea da Valle,,,,
Ulica Andreje Milosse - Via Andrea Milossa,Ulica Andreje Milosse,,Via Andrea Milossa,,,,
Ulica Andrije Motovunjanina - Via Andrea Antico da Montona,Ulica Andrije Motovunjanina,,Via Andrea Antico da Montona,,,,
Ulica Ane Rukavine - Via Ana Rukavina,Ulica Ane Rukavine,,Via Ana Rukavina,,,Q8544342,
Ulica Angela Medice - Via Angelo Medica,Ulica Angela Medice,,Via Angelo Medica,,,,
Ulica Angela Zulianija - Via Angelo Zuliani,Ulica Angela Zulianija,,Via Angelo Zuliani,,,,
Ulica Angele Nider - Via Angela Nider,Ulica Angele Nider,,Via Angela Nider,,,,
Ulica Angelinijeva - Via Angelini,Ulica Angelinijeva,,Via Angelini,,,,
Ulica Angelo Ceccon - Via Angelo Ceccon,Ulica Angelo Ceccon,,Via Angelo Ceccon,,,,
Ulica Ante Babića - Via Ante Babić,Ulica Ante Babića,,Via Ante Babić,,,,
Ulica Ante Šonje - Via Ante Šonje,Ulica Ante Šonje,,Via Ante Šonje,,,,
Ulica Ante Starčevića - Via Ante Starčević,Ulica Ante Starčevića,,Via Ante Starčević,,,,
Ulica Ante Tentora - Via Ante Tentor,Ulica Ante Tentora,,Via Ante Tentor,,,,
Ulica Antifašističkih boraca - Via Combattenti antifascisti,Ulica Antifašističkih boraca,,Via Combattenti antifascisti,,,,
Ulica Antona Cerina - Via Anton Cerin,Ulica Antona Cerina,,Via Anton Cerin,,,,
Ulica Antonia Gramscia - Via Antonio Gramsci,Ulica Antonia Gramscia,,Via Antonio Gramsci,,,,
Ulica Antonia Smareglie - Via Antonio Smareglia,Ulica Antonia Smareglie,,Via Antonio Smareglia,,,,
Ulica Antonija Bazzarinija - Via Antonio Bazzarini,Ulica Antonija Bazzarinija,,Via Antonio Bazzarini,,,,
Ulica Antonija Bronzina - Via Antonio Bronzin,Ulica Antonija Bronzina,,Via Antonio Bronzin,,,,
Ulica Antonija Coane - Via Antonio Coana,Ulica Antonija Coane,,Via Antonio Coana,,,,
Ulica Antonio Pianella - Via Antonio Pianella,Ulica Antonio Pianella,,Via Antonio Pianella,,,,
Ulica Antonio Smareglia - Via Antonio Smareglia,Ulica Antonio Smareglia,,Via Antonio Smareglia,,,,
Ulica Augusta Ferrija - Via Augusto Ferri,Ulica Augusta Ferrija,,Via Augusto Ferri,,,,
Ulica Augustina Vivode - Via Augustin Vivoda,Ulica Augustina Vivode,,Via Augustin Vivoda,,,,
Ulica badema - Via dei Mandorli,Ulica badema,,Via dei Mandorli,,,,
Ulica bagrema - Via delle Acacie,Ulica bagrema,,Via delle Acacie,,,,
Ulica Baližerka - Via Barisella,Ulica Baližerka,,Via Barisella,,,,
Ulica Bartolomea Biasoletta - Via Bartolomeo Biasoletto,Ulica Bartolomea Biasoletta,,Via Bartolomeo Biasoletto,,,,
Ulica Bartolomea Dei Vitrei - Via Bartolomeo Dei Vitrei,Ulica Bartolomea Dei Vitrei,,Via Bartolomeo Dei Vitrei,,,,
Ulica Bartolomeo Biasoletto - Via Bartolomeo Biasoletto,Ulica Bartolomeo Biasoletto,,Via Bartolomeo Biasoletto,,,,
Ulica bataljuna Pino Budicin - Via del battaglione Pino Budicin,Ulica bataljuna Pino Budicin,,Via del battaglione Pino Budicin,,,,
Ulica Batana - Via Batana,Ulica Batana,,Via Batana,,,,
Ulica Begovica - Via Begovizza,Ulica Begovica,,Via Begovizza,,,,
Ulica Belveder - Via Belveder,Ulica Belveder,,Via Belveder,,,,
Ulica Belveder - Via Belvedere,Ulica Belveder,,Via Belvedere,,,,
Ulica Belvedere - Via Belvedere,Ulica Belvedere,,Via Belvedere,,,,
Ulica Benediktinske opatije - Via dell'abbazia Benedettina,Ulica Benediktinske opatije,,Via dell'abbazia Benedettina,,,,
Ulica Bernarda Benussija - Via Bernardo Benussi,Ulica Bernarda Benussija,,Via Bernardo Benussi,,,,
Ulica Biondi Domenico - Via Domenico Biondi,Ulica Biondi Domenico,,Via Domenico Biondi,,,,
"Ulica Blok ""B"" - Via Blocco ""B""","Ulica Blok ""B""",,"Via Blocco ""B""",,,,
"Ulica Blok ""C"" - Via Blocco ""C""","Ulica Blok ""C""",,"Via Blocco ""C""",,,,
Ulica Bobići - Via Bobići,Ulica Bobići,,Via Bobići,,,,
Ulica Bokokotorskog ustanka - Via della rivolta delle Bocche di Cattaro,Ulica Bokokotorskog ustanka,,Via della rivolta delle Bocche di Cattaro,,,,
Ulica Boraca - Via dei Combattenti,Ulica Boraca,,Via dei Combattenti,,,,
Ulica Borgo - Via Borgo,Ulica Borgo,,Via Borgo,,,,
Ulica Borik - Via del Pineto,Ulica Borik,,Via del Pineto,,,,
Ulica Bortola Varina - Via Bortolo Varin,Ulica Bortola Varina,,Via Bortolo Varin,,,,
Ulica Bošket - Via Boschetto,Ulica Bošket,,Via Boschetto,,,,
Ulica Bože Gumpca - Via Božo Gumbac,Ulica Bože Gumpca,,Via Božo Gumbac,,,,
Ulica Bože Milanovića,Ulica Bože Milanovića,,Via Božo Milanović,,,Q12628246,
Ulica Bože Milanovića - Via Božo Milanović,Ulica Bože Milanovića,,Via Božo Milanović,,,,
Ulica Božidara Jakca - Via Božidar Jakac,Ulica Božidara Jakca,,Via Božidar Jakac,,,,
Ulica braće Božić - Via fratelli Božić,Ulica braće Božić,,Via fratelli Božić,,,,
Ulica braće Brajković - Via fratelli Brajković,Ulica braće Brajković,,Via fratelli Brajković,,,,
Ulica braće Čeh - Via fratelli Čeh,Ulica braće Čeh,,Via fratelli Čeh,,,,
Ulica braće Corva - Via fratelli Corva,Ulica braće Corva,,Via fratelli Corva,,,,
Ulica Braće Ilić - Via Fratelli Ilić,Ulica Braće Ilić,,Via Fratelli Ilić,,,,
Ulica braće Kocijančić - Via Fratelli Kocijančić,Ulica braće Kocijančić,,Via Fratelli Kocijančić,,,,
Ulica braće Leonardelli - Via fratelli Leonardelli,Ulica braće Leonardelli,,Via fratelli Leonardelli,,,,
Ulica braće Levak - Via fratelli Levak,Ulica braće Levak,,Via fratelli Levak,,,,
Ulica Braće Millin - Via Fratelli Millin,Ulica Braće Millin,,Via Fratelli Millin,,,,
Ulica braće Pesel - Via fratelli Pesel,Ulica braće Pesel,,Via fratelli Pesel,,,,
Ulica Braida - Via Braida,Ulica Braida,,Via Braida,,,,
Ulica Brajda - Via della Vigna,Ulica Brajda,,Via della Vigna,,,,
Ulica brajde - Via Brajde,Ulica brajde,,Via Brajde,,,,
Ulica Branka Fučića - Via Branko Fučić,Ulica Branka Fučića,,Via Branko Fučić,,,,
Ulica Branka Marušića - Via Branko Marušić,Ulica Branka Marušića,,Via Branko Marušić,,,,
Ulica Brist - Via degli Olmi,Ulica Brist,,Via degli Olmi,,,,
Ulica brnistra - Via delle Ginestre,Ulica brnistra,,Via delle Ginestre,,,,
Ulica Brolo - Via Brolo,Ulica Brolo,,Via Brolo,,,,
Ulica Bruštoloni - Via Brustoloni,Ulica Bruštoloni,,Via Brustoloni,,,,
Ulica Buraj - Via Burai,Ulica Buraj,,Via Burai,,,,
Ulica Campolongo - Via Campolongo,Ulica Campolongo,,Via Campolongo,,,,
Ulica Candida Travagina - Via Candido Travagin,Ulica Candida Travagina,,Via Candido Travagin,,,,
Ulica Capelleri - Via Capelleri,Ulica Capelleri,,Via Capelleri,,,,
Ulica Cara Emina - Via Viktor Car Emin,Ulica Cara Emina,,Via Viktor Car Emin,,,,
Ulica Carla D'Ambrosia - Via Carlo D' Ambrosi,Ulica Carla D'Ambrosia,,Via Carlo D' Ambrosi,,,,
Ulica Carlotte Grisi - Via Carlotta Grisi,Ulica Carlotte Grisi,,Via Carlotta Grisi,,,,
Ulica Castel - Via Castel,Ulica Castel,,Via Castel,,,,
Ulica Castello - Via Castello,Ulica Castello,,Via Castello,,,,
Ulica Castropola - Via Castropola,Ulica Castropola,,Via Castropola,,,,
Ulica Centener - Via Centener,Ulica Centener,,Via Centener,,,,
Ulica Ćirilometodske družbe - Via della società Cirillo e Metodio,Ulica Ćirilometodske družbe,,Via della società Cirillo e Metodio,,,,
Ulica Conceta - Via Conceta,Ulica Conceta,,Via Conceta,,,,
Ulica Cornio - Via Cornio,Ulica Cornio,,Via Cornio,,,,
Ulica Corto Bechera - Via Corto Bechera,Ulica Corto Bechera,,Via Corto Bechera,,,,
Ulica crnika - Via dei Lecci,Ulica crnika,,Via dei Lecci,,,,
Ulica Croazia - Via Croazia,Ulica Croazia,,Via Croazia,,,,
Ulica Crosera - Via Crosera,Ulica Crosera,,Via Crosera,,,,
Ulica Crvene uvale - Via Valle Rossa,Ulica Crvene uvale,,Via Valle Rossa,,,,
Ulica Dajla - Via Dajla,Ulica Dajla,,Via Dajla,,,,
Ulica Dantea Alighieria - Via Dante Alighieri,Ulica Dantea Alighieria,,Via Dante Alighieri,,,,
Ulica Dantea Alighierija - Via Dante Alighieri,Ulica Dantea Alighierija,,Via Dante Alighieri,,,,
Ulica delle Mede - Via delle Mede,Ulica delle Mede,,Via delle Mede,,,,
Ulica Diferencija - Via delle differenze,Ulica Diferencija,,Via delle differenze,,,,
Ulica Dolinka - Via Dolinka,Ulica Dolinka,,Via Dolinka,,,,
Ulica Domenica Medelina - Via Domenico Medelin,Ulica Domenica Medelina,,Via Domenico Medelin,,,,
Ulica Domenica Pergolisa - Via Domenico Pergolis,Ulica Domenica Pergolisa,,Via Domenico Pergolis,,,,
Ulica Domenica Segalle - Via Domenico Segalla,Ulica Domenica Segalle,,Via Domenico Segalla,,,,
Ulica Domenica Uccia Sciolisa - Via Domenico Uccio Sciolis,Ulica Domenica Uccia Sciolisa,,Via Domenico Uccio Sciolis,,,,
Ulica Domenico Barnaba' - Via Domenico Barnaba',Ulica Domenico Barnaba',,Via Domenico Barnaba',,,,
Ulica Domenico Cernecca - Via Domenico Cernecca,Ulica Domenico Cernecca,,Via Domenico Cernecca,,,,
Ulica Domovinskih žrtava - Via dei caduti per la Patria,Ulica Domovinskih žrtava,,Via dei caduti per la Patria,,,,
Ulica don Simonea Sfecicha - Via don Simone Sfecich,Ulica don Simonea Sfecicha,,Via don Simone Sfecich,,,,
Ulica Don Valentina Cukarića - Via Don Valentin Cukarić,Ulica Don Valentina Cukarića,,Via Don Valentin Cukarić,,,,
Ulica Drage Gervaisa - Via Drago Gervais,Ulica Drage Gervaisa,,Via Drago Gervais,,,,
Ulica Dragonja - Via Dragogna,Ulica Dragonja,,Via Dragogna,,,,
Ulica Drenovica - Via Cornial,Ulica Drenovica,,Via Cornial,,,,
Ulica Dubrovačke bratovštine - Via della Confraternita ragusea,Ulica Dubrovačke bratovštine,,Via della Confraternita ragusea,,,,
Ulica Dvori - Via Corte,Ulica Dvori,,Via Corte,,,,
Ulica E. De Amicisa - Via E. de Amicis,Ulica Edmonda De Amicisa,,Via Edmondo de Amicis,,,,
Ulica Edmonda De Amicisa - Via Edmondo De Amicis,Ulica Edmonda De Amicisa,,Via Edmondo De Amicis,,,,
Ulica Edoarda Pascalija - Via Edoardo Pascali,Ulica Edoarda Pascalija,,Via Edoardo Pascali,,,,
Ulica Egidija Bullessicha - Via Egidio Bullessich,Ulica Egidija Bullessicha,,Via Egidio Bullessich,,,,
Ulica Enocha Zadra - Via Enoch Zadro,Ulica Enocha Zadra,,Via Enoch Zadro,,,,
Ulica Epifanio - Via Epifanio,Ulica Epifanio,,Via Epifanio,,,,
Ulica Epulo - Via Epulo,Ulica Epulo,,Via Epulo,,,,
Ulica Ernesta Fumisa - Via Ernesto Fumis,Ulica Ernesta Fumisa,,Via Ernesto Fumis,,,,
Ulica Ernesta Miloša - Via Ernest Miloš,Ulica Ernesta Miloša,,Via Ernest Miloš,,,,
Ulica Ernesta Škrinjara - Via Ernesto Škrinjar,Ulica Ernesta Škrinjara,,Via Ernesto Škrinjar,,,,
Ulica Eugena Kumičića - Via E. Kumičić,Ulica Eugena Kumičića,,Via Eugen Kumičić,,,,
Ulica Eugena Kumičića - Via Eugen Kumičić,Ulica Eugena Kumičića,,Via Eugen Kumičić,,,,
Ulica Fakinija - Via Fachinia,Ulica Fakinija,,Via Fachinia,,,,
Ulica Fižela - Via Fisella,Ulica Fižela,,Via Fisella,,,,
Ulica Flavia - Via Flavia,Ulica Flavia,,Via Flavia,,,,
Ulica Fojba - Via della foiba,Ulica Fojba,,Via della foiba,,,,
Ulica Fojbon - Via Foibon,Ulica Fojbon,,Via Foibon,,,,
Ulica Fonde - Via Fonde,Ulica Fonde,,Via Fonde,,,,
Ulica Fondole - Via Fondole,Ulica Fondole,,Via Fondole,,,,
Ulica fontane Carara - Via fontana Carara,Ulica fontane Carara,,Via fontana Carara,,,,
Ulica Fontika - Via dei Fontici,Ulica Fontika,,Via dei Fontici,,,,
Ulica Forno Grande - Via Forno Grande,Ulica Forno Grande,,Via Forno Grande,,,,
Ulica Fortin - Via Fortin,Ulica Fortin,,Via Fortin,,,,
Ulica fra Pavla Pellizzera - Via fra Paolo Pellizzer,Ulica fra Pavla Pellizzera,,Via fra Paolo Pellizzer,,,,
Ulica Francesca Papa - Via Francesco Papo,Ulica Francesca Papa,,Via Francesco Papo,,,,
Ulica Francesca Sponge Uspera - Via Francesco Sponga Usper,Ulica Francesca Sponge Uspera,,Via Francesco Sponga Usper,,,,
Ulica Franje Iskre - Via Franjo Iskra,Ulica Franje Iskre,,Via Franjo Iskra,,,,
Ulica Franje Mošnja - Via Franjo Mošnja,Ulica Franje Mošnja,,Via Franjo Mošnja,,,,
Ulica Gavardija - Via Gavardia,Ulica Gavardija,,Via Gavardia,,,,
Ulica Giacoma Filippa Tommasinia - Via Giacomo Filippo Tommasini,Ulica Giacoma Filippa Tommasinia,,Via Giacomo Filippo Tommasini,,,,
Ulica Gian Rinalda Carlija - Via Gian Rinaldo Carli,Ulica Gian Rinalda Carlija,,Via Gian Rinaldo Carli,,,,
Ulica Gioacchina Favretta - Via Gioacchino Favretto,Ulica Gioacchina Favretta,,Via Gioacchino Favretto,,,,
Ulica Giordana Dobrana - Via Giordano Dobran,Ulica Giordana Dobrana,,Via Giordano Dobran,,,,
Ulica Giorgia Privileggia Pascia' - Via Giorgio Privileggio Pascia',Ulica Giorgia Privileggia Pascia',,Via Giorgio Privileggio Pascia',,,,
Ulica Giosuea Carduccia - Via Giosuè Carducci,Ulica Giosuea Carduccia,,Via Giosuè Carducci,,,,
Ulica Giovanni A. della Zonca - Via Giovanni A. della Zonca,Ulica Giovanni A. della Zonca,,Via Giovanni A. della Zonca,,,,
Ulica Giovanni Petris - Via Giovanni Petris,Ulica Giovanni Petris,,Via Giovanni Petris,,,,
Ulica Giovannia Moisea - Via Giovanni Moise,Ulica Giovannia Moisea,,Via Giovanni Moise,,,,
Ulica Giovannija Battiste Barsana - Via Giovanni Battista Barsan,Ulica Giovannija Battiste Barsana,,Via Giovanni Battista Barsan,,,,
Ulica Giovannija Dapiran - Via Giovanni Dapiran,Ulica Giovannija Dapiran,,Via Giovanni Dapiran,,,,
Ulica Girolama Curta - Via Girolamo Curto,Ulica Girolama Curta,,Via Girolamo Curto,,,,
Ulica Giulija Giorgerija - Via Giulio Giorgeri,Ulica Giulija Giorgerija,,Via Giulio Giorgeri,,,,
Ulica Giuseppe Caprin,Ulica Giuseppe Caprin,,Via Giuseppe Caprin,,,Q3770239,
Ulica Giuseppe Garibaldi - Via Giuseppe Garibaldi,Ulica Giuseppe Garibaldi,,Via Giuseppe Garibaldi,,,,
Ulica Giuseppe Leonardelli - Via Giuseppe Leonardelli,Ulica Giuseppe Leonardelli,,Via Giuseppe Leonardelli,,,,
Ulica Giuseppe Milovaz - Via Giuseppe Milovaz,Ulica Giuseppe Milovaz,,Via Giuseppe Milovaz,,,,
Ulica Giuseppea Garibaldia - Via Giuseppe Garibaldi,Ulica Giuseppea Garibaldia,,Via Giuseppe Garibaldi,,,,
Ulica Giuseppea Garibaldija - Via Giuseppe Garibaldi,Ulica Giuseppea Garibaldija,,Via Giuseppe Garibaldi,,,,
Ulica Giuseppea Mazzinia - Via Giuseppe Mazzini,Ulica Giuseppea Mazzinia,,Via Giuseppe Mazzini,,,,
Ulica Giuseppea Mazzinija - Via Giuseppe Mazzini,Ulica Giuseppea Mazzinija,,Via Giuseppe Mazzini,,,,
Ulica Giuseppea Tartinija - Via Giuseppe Tartini,Ulica Giuseppea Tartinija,,Via Giuseppe Tartini,,,,
Ulica Giuseppea Trombe - Via Giuseppe Tromba,Ulica Giuseppea Trombe,,Via Giuseppe Tromba,,,,
Ulica Giuseppea Verdia - Via Giuseppe Verdi,Ulica Giuseppea Verdia,,Via Giuseppe Verdi,,,,
Ulica Giuseppina Martinuzzi - Via Giuseppina Martinuzzi,Ulica Giuseppina Martinuzzi,,Via Giuseppina Martinuzzi,,,,
Ulica Giuseppine Martinuzzi - Via Giuseppina Martinuzzi,Ulica Giuseppine Martinuzzi,,Via Giuseppina Martinuzzi,,,Q20526091,
Ulica Glagoljaša - Via dei Glagoliti,Ulica Glagoljaša,,Via dei Glagoliti,,,,
Ulica grada Camaiore - Via citta' di Camaiore,Ulica grada Camaiore,,Via citta' di Camaiore,,,,
Ulica Grada Graza - Via Graz,Ulica Grada Graza,,Via Graz,,,,
Ulica grada Leonberga - Via citta' di Leonberg,Ulica grada Leonberga,,Via citta' di Leonberg,,,,
Ulica Gradina - Via dei Castellieri,Ulica Gradina,,Via dei Castellieri,,,,
Ulica Gradine - Via del Casteliere,Ulica Gradine,,Via del Casteliere,,,,
Ulica Gradska vrata - Via delle Porte,Ulica Gradska vrata,,Via delle Porte,,,,
Ulica Gregovica - Via Grega,Ulica Gregovica,,Via Grega,,,,
Ulica Gripole - Via Gripole,Ulica Gripole,,Via Gripole,,,,
Ulica Grisa - Via Grisa,Ulica Grisa,,Via Grisa,,,,
Ulica Grisia - Via Grisia,Ulica Grisia,,Via Grisia,,,,
Ulica grofova Rigo - Via Conti Rigo,Ulica grofova Rigo,,Via Conti Rigo,,,,
Ulica Grote - Via Grote,Ulica Grote,,Via Grote,,,,
Ulica Grožnjanska - Via Grisignana,Ulica Grožnjanska,,Via Grisignana,,,,
Ulica Guglielmo Marconi - Via Guglielmo Marconi,Ulica Guglielmo Marconi,,Via Guglielmo Marconi,,,,
Ulica Hermana Dalmatina - Via Herman Dalmatin,Ulica Hermana Dalmatina,,Via Herman Dalmatin,,,,
Ulica Horvata Kiša - Via Franjo Horvat Kiš,Ulica Horvata Kiša,,Via Franjo Horvat Kiš,,,,
Ulica I. Matetića-Ronjgova - Via I. Matetić-Ronjgov,Ulica I. Matetića-Ronjgova,,Via I. Matetić-Ronjgov,,,,
Ulica Ilirija - Via Illiria,Ulica Ilirija,,Via Illiria,,,,
Ulica Istarska - Via dell'Istria,Ulica Istarska,,Via dell'Istria,,,,
Ulica istarskih boraca - Via dei Combattenti Istriani,Ulica istarskih boraca,,Via dei Combattenti Istriani,,,,
Ulica istarskog razvoda,Ulica istarskog razvoda,,,,,,
Ulica Istarskog razvoda - Via Atto di confinazione istriana,Ulica Istarskog razvoda,,Via Atto di confinazione istriana,,,,
Ulica Istarskog razvoda - Via dell'Atto delle confinazioni istriane,Ulica Istarskog razvoda,,Via dell'Atto delle confinazioni istriane,,,,
Ulica Ivana Gundulića - Via Ivan Gundulić,Ulica Ivana Gundulića,,Via Ivan Gundulić,,,,
Ulica Ivana Matetića Ronjgova - Via Ivan Matetić Ronjgov,Ulica Ivana Matetića Ronjgova,,Via Ivan Matetić Ronjgov,,,,
Ulica Ivana Matetića Ronjgova - Via Ivana Matetić Ronjgov,Ulica Ivana Matetića Ronjgova,,Via Ivana Matetić Ronjgov,,,,
Ulica Ivana Mažuranića - Via Ivan Mažuranić,Ulica Ivana Mažuranića,,Via Ivan Mažuranić,,,,
Ulica Ivana Zajca - Via Ivan Zajc,Ulica Ivana Zajca,,Via Ivan Zajc,,,,
Ulica Ivane Brlić-Mažuranić - Via Ivana Brlić-Mažuranić,Ulica Ivane Brlić-Mažuranić,,Via Ivana Brlić-Mažuranić,,,Q254383,
Ulica Ivane Lang - Via Ivana Lang,Ulica Ivane Lang,,Via Ivana Lang,,,,
Ulica Ive Lole Ribara - Via Ivo Lola Ribar,Ulica Ive Lole Ribara,,Via Ivo Lola Ribar,,,Q1265884,
Ulica Jakova Puljanina - Via Jacopo Da Pola,Ulica Jakova Puljanina,,Via Jacopo Da Pola,,,,
Ulica Jakova Volčića - Via Jakov Volčić,Ulica Jakova Volčića,,Via Jakov Volčić,,,,
Ulica jasena - Via dei Frassini,Ulica jasena,,Via dei Frassini,,,,
Ulica Jasne Crnobori - Via Jasna Crnobori,Ulica Jasne Crnobori,,Via Jasna Crnobori,,,,
Ulica Joakima Rakovca - Via Joakim Rakovac,Ulica Joakima Rakovca,,Via Joakim Rakovac,,,,
Ulica Johana Weikharda Valvasora - Via Johan W. Valvasor,Ulica Johana Weikharda Valvasora,,Via Johan W. Valvasor,,,Q551267,
Ulica Josipa Broza Tita - Via Josip Broz Tito,Ulica Josipa Broza Tita,,Via Josip Broz Tito,,,,
Ulica Josipa Fola - Via Josip Folo,Ulica Josipa Fola,,Via Josip Folo,,,,
Ulica Josipa Tankovića - Via Josip Tanković,Ulica Josipa Tankovića,,Via Josip Tanković,,,,
Ulica Josipa Voltića - Via Giuseppe Voltiggi,Ulica Josipa Voltića,,Via Giuseppe Voltiggi,,,,
Ulica Jurina i Franina - Via Jurina i Franina,Ulica Jurina i Franina,,Via Jurina i Franina,,,,
Ulica Jurja Dobrile - Via Juraj Dobrila,Ulica Jurja Dobrile,,Via Juraj Dobrila,,,,
Ulica Jurja Žakna - Via Jurij Diacono,Ulica Jurja Žakna,,Via Jurij Diacono,,,,
Ulica k lokvi - Via al Pozzo,Ulica k lokvi,,Via al Pozzo,,,,
Ulica k moru - Via al Mare,Ulica k moru,,Via al Mare,,,,
Ulica ka dvorcu - Via dell castello,Ulica ka dvorcu,,Via dell castello,,,,
Ulica Kačića Miošića - Via Andrija Kačić Miošić,Ulica Kačića Miošića,,Via Andrija Kačić Miošić,,,,
Ulica Kalpurnija Pizona - Via Lucio Calpurnio Piso,Ulica Kalpurnija Pizona,,Via Lucio Calpurnio Piso,,,,
Ulica Kamelija - Via Camelia,Ulica Kamelija,,Via Camelia,,,,
Ulica Kamenjak - Via Kamenjak,Ulica Kamenjak,,Via Kamenjak,,,,
Ulica Karmelo - Via Carmelo,Ulica Karmelo,,Via Carmelo,,,,
Ulica Karšiole - Via Carsiole,Ulica Karšiole,,Via Carsiole,,,,
Ulica Kašćuni - Via Castion,Ulica Kašćuni,,Via Castion,,,,
Ulica Kastanija - Via Castania,Ulica Kastanija,,Via Castania,,,,
Ulica Kaštanjer - Via Castagner,Ulica Kaštanjer,,Via Castagner,,,,
Ulica Kaštel - Via Castel,Ulica Kaštel,,Via Castel,,,,
Ulica Katalinića Jeretova - Via Rikard Katalinić Jeretov,Ulica Katalinića Jeretova,,Via Rikard Katalinić Jeretov,,,,
Ulica Katarine Kliman - Via Katarina Kliman,Ulica Katarine Kliman,,Via Katarina Kliman,,,,
Ulica Kažuni - Via delle Casite,Ulica Kažuni,,Via delle Casite,,,,
Ulica Klija - Via Clia,Ulica Klija,,Via Clia,,,,
Ulica kod bunara - Via al Pozzo,Ulica kod bunara,,Via al Pozzo,,,,
Ulica Koleži - Via Koleži,Ulica Koleži,,Via Koleži,,,,
Ulica Komunal - Via Comunal,Ulica Komunal,,Via Comunal,,,,
Ulica Komunela - Via Comunella,Ulica Komunela,,Via Comunella,,,,
Ulica Kozada - Via Cosada,Ulica Kozada,,Via Cosada,,,,
Ulica kresinskih žrtava - Via dei martiri di Kresini,Ulica kresinskih žrtava,,Via dei martiri di Kresini,,,,
Ulica kroz vrtove - Via fra gli Orti,Ulica kroz vrtove,,Via fra gli Orti,,,,
Ulica Kula sv. Martina - Via Torre San Martino,Ulica Kula sv. Martina,,Via Torre San Martino,,,,
Ulica Kule - Via delle Torri,Ulica Kule,,Via delle Torri,,,,
Ulica Kuntrada - Via Contrada,Ulica Kuntrada,,Via Contrada,,,,
Ulica Kvart mimoza - via Rione mimosa,Ulica Kvart mimoza,,via Rione mimosa,,,,
Ulica La romana - Via La romana,Ulica La romana,,Via La romana,,,,
Ulica Labinske republike - Via della Repubblica di Albona,Ulica Labinske republike,,Via della Repubblica di Albona,,,,
Ulica Labinske Republike - Via della Repubblica di Albona,Ulica Labinske Republike,,Via della Repubblica di Albona,,,,
Ulica Laco de Fraghena - Via Laco de Fraghena,Ulica Laco de Fraghena,,Via Laco de Fraghena,,,,
Ulica Lacosercio - Via Lacosercio,Ulica Lacosercio,,Via Lacosercio,,,,
Ulica ladonja - Via dei Lodogni,Ulica ladonja,,Via dei Lodogni,,,,
Ulica Laguna - Via Laguna,Ulica Laguna,,Via Laguna,,,,
Ulica Lako - Via Laco,Ulica Lako,,Via Laco,,,,
Ulica Lakvere - Via Laquere,Ulica Lakvere,,Via Laquere,,,,
Ulica Lamanova - Via Lamanova,Ulica Lamanova,,Via Lamanova,,,,
Ulica Lantus - Via Lantus,Ulica Lantus,,Via Lantus,,,,
Ulica Laste - Via Laste,Ulica Laste,,Via Laste,,,,
Ulica Laure Antonelli - Via Laura Antonelli,Ulica Laure Antonelli,,Via Laura Antonelli,,,,
Ulica Lavanda - Via Lavanda,Ulica Lavanda,,Via Lavanda,,,,
Ulica Le Mura I - Via Le Mura I,Ulica Le Mura I,,Via Le Mura I,,,,
Ulica Le Mura II - Via Le Mura II,Ulica Le Mura II,,Via Le Mura II,,,,
Ulica Le Mura III - Via Le Mura III,Ulica Le Mura III,,Via Le Mura III,,,,
Ulica Le Mura IV - Via Le Mura IV,Ulica Le Mura IV,,Via Le Mura IV,,,,
Ulica Ledine - Via Ledine,Ulica Ledine,,Via Ledine,,,,
Ulica Libera Brajka - Via Libero Brajko,Ulica Libera Brajka,,Via Libero Brajko,,,,
Ulica Limido dele Roje - Via Limido dele Roje,Ulica Limido dele Roje,,Via Limido dele Roje,,,,
Ulica Lina Marianija - Via Lino Mariani,Ulica Lina Marianija,,Via Lino Mariani,,,,
Ulica Line Galli - Via Lina Galli,Ulica Line Galli,,Via Lina Galli,,,,
Ulica Livada - Via del Pra',Ulica Livada,,Via del Pra',,,,
Ulica Ližnjamoro - Via Lisgnamoro,Ulica Ližnjamoro,,Via Lisgnamoro,,,,
Ulica Ljudevita Gaja - Via Ljudevit Gaj,Ulica Ljudevita Gaja,,Via Ljudevit Gaj,,,,
Ulica Ljudevita Posavskog - Via Ljudevit Posavski,Ulica Ljudevita Posavskog,,Via Ljudevit Posavski,,,,
Ulica Lodovica Brunettija - Via Lodovico Brunetti,Ulica Lodovica Brunettija,,Via Lodovico Brunetti,,,,
Ulica Lokoduz - Via Lokoduz,Ulica Lokoduz,,Via Lokoduz,,,,
Ulica Lorenza i Antonija del Vescovo - Via Lorenzo e Antonio del Vescovo,Ulica Lorenza i Antonija del Vescovo,,Via Lorenzo e Antonio del Vescovo,,,,
Ulica Lovežica - Via Lovezizza,Ulica Lovežica,,Via Lovezizza,,,,
Ulica lovora - Via dei Lauri,Ulica lovora,,Via dei Lauri,,,,
Ulica Luigija Montija - Via Luigi Monti,Ulica Luigija Montija,,Via Luigi Monti,,,,
Ulica Luje Adamovića - Via Lujo Adamović,Ulica Luje Adamovića,,Via Lujo Adamović,,,,
Ulica Lumel - Via Lumel,Ulica Lumel,,Via Lumel,,,,
Ulica Lungera - Via Longhera,Ulica Lungera,,Via Longhera,,,,
Ulica Magri - Via Magri,Ulica Magri,,Via Magri,,,,
Ulica Majoli - Via Maioli,Ulica Majoli,,Via Maioli,,,,
Ulica Maksima Gorkog - Via Maksim Gorki,Ulica Maksima Gorkog,,Via Maksim Gorki,,,,
Ulica Mala vala - Via Valle piccola,Ulica Mala vala,,Via Valle piccola,,,,
Ulica Male gospe - Via Madonnina,Ulica Male gospe,,Via Madonnina,,,,
Ulica Mandrač - Via Mandracchio,Ulica Mandrač,,Via Mandracchio,,,,
Ulica Marana - Via Marana,Ulica Marana,,Via Marana,,,,
Ulica Marca della Pietra - Via Marco della Pietra,Ulica Marca della Pietra,,Via Marco della Pietra,,,,
Ulica Marca Garbina - Via Marco Garbin,Ulica Marca Garbina,,Via Marco Garbin,,,,
Ulica Marija i Guida Poropata - Via Mario e Guido Poropat,Ulica Marija i Guida Poropata,,Via Mario e Guido Poropat,,,,
Ulica Marije Crnobori - Via Marija Crnobori,Ulica Marije Crnobori,,Via Marija Crnobori,,,Q11138528,
Ulica Marije i Line - Via Maria e Lina,Ulica Marije i Line,,Via Maria e Lina,,,,
Ulica Marije Jurić Zagorke - Via Marija Jurić Zagorka,Ulica Marije Jurić Zagorke,,Via Marija Jurić Zagorka,,,Q291016,
Ulica Marije Poliak - Via Maria Poliak,Ulica Marije Poliak,,Via Maria Poliak,,,,
Ulica Marina Bemba - Via Marino Bembo,Ulica Marina Bemba,,Via Marino Bembo,,,,
Ulica Marina Držića - Via Marin Držić,Ulica Marina Držića,,Via Marin Držić,,,,
Ulica Marka Marulića - Via Marko Marulić,Ulica Marka Marulića,,Via Marko Marulić,,,,
Ulica Marka Zelka - Via Marko Zelko,Ulica Marka Zelka,,Via Marko Zelko,,,,
Ulica Marketi - Via Marcheti,Ulica Marketi,,Via Marcheti,,,,
Ulica Marsovog polja - Via campo Marzio,Ulica Marsovog polja,,Via campo Marzio,,,,
Ulica Massima Selle - Via Massimo Sella,Ulica Massima Selle,,Via Massimo Sella,,,,
Ulica Mate Balota - Via Mate Balota,Ulica Mate Balote,,Via Mate Balota,,,Q6786326,
Ulica Mate Balote - Via Mate Balota,Ulica Mate Balote,,Via Mate Balota,,,Q6786326,
Ulica Mate Baštijana - Via Mate Baštijan,Ulica Mate Baštijana,,Via Mate Baštijan,,,,
Ulica Mate Gorjana - Via Mate Gorjan,Ulica Mate Gorjana,,Via Mate Gorjan,,,,
Ulica Matetića Ronjgova - Via Ivan Matetić Ronjgov,Ulica Matetića Ronjgova,,Via Ivan Matetić Ronjgov,,,,
Ulica Matija Vlačić-Flacius - Via Matija Vlačić-Flacius,Ulica Matija Vlačić-Flacius,,Via Matija Vlačić-Flacius,,,,
Ulica Matije Gupca - Via Matija Gubec,Ulica Matije Gupca,,Via Matija Gubec,,,,
Ulica Matije Vlačića Ilirika - Via Matija Vlačić Ilirik,Ulica Matije Vlačića Ilirika,,Via Matija Vlačić Ilirik,,,,
Ulica Matije Vlačića Ilirika - Via Matius Flacius Iliricus,Ulica Matije Vlačića Ilirika,,Via Matius Flacius Iliricus,,,,
Ulica Matije Vlačića Ilirika - Via Mattia Flaccio Illirico,Ulica Matije Vlačića Ilirika,,Via Mattia Flaccio Illirico,,,,
Ulica Matije Vlačića Ilirika - Via Mattio Flacio Illirico,Ulica Matije Vlačića Ilirika,,Via Mattio Flacio Illirico,,,,
Ulica Matka Brajše Rašana - Via Matko Brajša Rašan,Ulica Matka Brajše Rašana,,Via Matko Brajša Rašan,,,,
Ulica Matka Laginje - Via Matko Laginja,Ulica Matka Laginje,,Via Matko Laginja,,,,
Ulica Mattea Benussija - Via Matteo Benussi,Ulica Mattea Benussija,,Via Matteo Benussi,,,,
Ulica Menacija Priska - Via Lucio Menacio Prisco,Ulica Menacija Priska,,Via Lucio Menacio Prisco,,,,
Ulica Mendula - Via dei Mandorli,Ulica Mendula,,Via dei Mandorli,,,,
Ulica Merlada - Via Merlada,Ulica Merlada,,Via Merlada,,,,
Ulica Michela Fachinettia - Via Michele Fachinetti,Ulica Michela Fachinettia,,Via Michele Fachinetti,,,,
Ulica Michele della Vedova - Via Michele della Vedova,Ulica Michele della Vedova,,Via Michele della Vedova,,,,
Ulica Milana Iskre - Via Milan Iskra,Ulica Milana Iskre,,Via Milan Iskra,,,,
Ulica Milke Trnine - Via Milka Trnina,Ulica Milke Trnine,,Via Milka Trnina,,,,
Ulica Mira - Via della Pace,Ulica Mira,,Via della Pace,,,,
Ulica mira - Via della pace,Ulica mira,,Via della pace,,,,
Ulica Mirna - Via Quieto,Ulica Mirna,,Via Quieto,,,,
Ulica Miroslava Krleže - Via Miroslav Krleža,Ulica Miroslava Krleže,,Via Miroslav Krleža,,,,
Ulica Moela - Via Moela,Ulica Moela,,Via Moela,,,,
Ulica Moncanor - Via Moncanor,Ulica Moncanor,,Via Moncanor,,,,
Ulica Montarol - Via Montarol,Ulica Montarol,,Via Montarol,,,,
Ulica Monte Baster - Via Monte Baster,Ulica Monte Baster,,Via Monte Baster,,,,
Ulica Monte Bici - Via Monte Bici,Ulica Monte Bici,,Via Monte Bici,,,,
Ulica Monte Galuzzo - Via Monte Galuzzo,Ulica Monte Galuzzo,,Via Monte Galuzzo,,,,
Ulica Monte Giro - Via Monte Giro,Ulica Monte Giro,,Via Monte Giro,,,,
Ulica Monte Karoca - Via Monte Carota,Ulica Monte Karoca,,Via Monte Carota,,,,
Ulica Monte Lesso - Via Monte Lesso,Ulica Monte Lesso,,Via Monte Lesso,,,,
Ulica Monte Magno - Via Monte Magno,Ulica Monte Magno,,Via Monte Magno,,,,
Ulica Monte Paradiso - Via Monte Paradiso,Ulica Monte Paradiso,,Via Monte Paradiso,,,,
Ulica Monte Serpo - Via Monte Serpo,Ulica Monte Serpo,,Via Monte Serpo,,,,
Ulica Monteci - Via Monteci,Ulica Monteci,,Via Monteci,,,,
Ulica Montepozzo - Via Montepozzo,Ulica Montepozzo,,Via Montepozzo,,,,
Ulica Muniština - Via Munistina,Ulica Muniština,,Via Munistina,,,,
Ulica Murve - Via dei Moreri,Ulica Murve,,Via dei Moreri,,,,
Ulica murvi - Via dei Moreri,Ulica murvi,,Via dei Moreri,,,,
Ulica Muškati - Via Moscati,Ulica Muškati,,Via Moscati,,,,
Ulica N. Quarantotta - Via N. Quarantotto,Ulica N. Quarantotta,,Via N. Quarantotto,,,,
Ulica Negrin - Via Negrin,Ulica Negrin,,Via Negrin,,,,
Ulica Niccoloa Tommasea - Via Niccolo' Tommaseo,Ulica Niccoloa Tommasea,,Via Niccolo' Tommaseo,,,,
Ulica Nicolò Gabrielia - Via Nicolò Gabrieli,Ulica Nicolò Gabrielia,,Via Nicolò Gabrieli,,,,
Ulica Nikole Tesle - Via Nikola Tesla,Ulica Nikole Tesle,,Via Nikola Tesla,,,,
Ulica Novaki - Via Novaki,Ulica Novaki,,Via Novaki,,,,
Ulica Novih vrata - Via Porta nuova,Ulica Novih vrata,,Via Porta nuova,,,,
Ulica Olge Ban - Via Olga Ban,Ulica Olge Ban,,Via Olga Ban,,,,
Ulica Oltra 'l Torcio - Via Oltra 'l Torcio,Ulica Oltra 'l Torcio,,Via Oltra 'l Torcio,,,,
Ulica Onoria Padovana - Via Onorio Padovan,Ulica Onoria Padovana,,Via Onorio Padovan,,,,
Ulica Orban - Via Orban,Ulica Orban,,Via Orban,,,,
Ulica Orbanin - Via Orbanin,Ulica Orbanin,,Via Orbanin,,,,
Ulica Ottavia Zakinje - Via Ottavio Zakinja,Ulica Ottavia Zakinje,,Via Ottavio Zakinja,,,,
Ulica palih boraca - Via dei caduti,Ulica palih boraca,,Via dei caduti,,,,
Ulica Paola Deperisa - Via Paolo Deperis,Ulica Paola Deperisa,,Via Paolo Deperis,,,,
Ulica Paola Racizze - Via Paolo Racizza,Ulica Paola Racizze,,Via Paolo Racizza,,,,
Ulica Paolo Veneziano - Via Paolo Veneziano,Ulica Paolo Veneziano,,Via Paolo Veneziano,,,,
Ulica Paprotine - Via Paprotine,Ulica Paprotine,,Via Paprotine,,,,
Ulica Pasquala Besenghija - Via Pasquale Besenghi,Ulica Pasquala Besenghija,,Via Pasquale Besenghi,,,,
Ulica Pazinskih odluka 1943. - Via delle Decisioni di Pisino 1943,Ulica Pazinskih odluka 1943.,,Via delle Decisioni di Pisino 1943,,,,
Ulica Pelini - Via Pelini,Ulica Pelini,,Via Pelini,,,,
Ulica Pestrini - Via Pestrini,Ulica Pestrini,,Via Pestrini,,,,
Ulica Petra Brajnovića - Via Petar Brajnović,Ulica Petra Brajnovića,,Via Petar Brajnović,,,,
Ulica Petra i Pavla Vergerija - Via Pier Paolo Vergerio,Ulica Petra i Pavla Vergerija,,Via Pier Paolo Vergerio,,,,
Ulica Petra Stankovića - Via Pietro Stancovich,Ulica Petra Stankovića,,Via Pietro Stancovich,,,,
Ulica Petra Studenca - Via Petar Studenac,Ulica Petra Studenca,,Via Petar Studenac,,,,
Ulica Pian - Via Pian,Ulica Pian,,Via Pian,,,,
Ulica Pier Antonija Biancinija - Via Pier Antonio Biancini,Ulica Pier Antonija Biancinija,,Via Pier Antonio Biancini,,,,
Ulica Pietra Coppe - Via Pietro Coppo,Ulica Pietra Coppe,,Via Pietro Coppo,,,,
Ulica Pietra Ive - Via Pietro Ive,Ulica Pietra Ive,,Via Pietro Ive,,,,
Ulica Pietra Kandlera - Via Pietro Kandler,Ulica Pietra Kandlera,,Via Pietro Kandler,,,,
Ulica Pietra Radoicovicha - Via Pietro Radoicovich,Ulica Pietra Radoicovicha,,Via Pietro Radoicovich,,,,
Ulica Pina Budicina - Via Pino Budicin,Ulica Pina Budicina,,Via Pino Budicin,,,,
Ulica Pineta - Via Pineta,Ulica Pineta,,Via Pineta,,,,
Ulica pinija - Via dei Pini,Ulica pinija,,Via dei Pini,,,,
Ulica Pino Budicin - Via Pino Budicin,Ulica Pino Budicin,,Via Pino Budicin,,,,
Ulica planika - Via dei Corbezzoli,Ulica planika,,Via dei Corbezzoli,,,,
Ulica platana - Via dei Platani,Ulica platana,,Via dei Platani,,,,
Ulica Plekuti - Via Plecuti,Ulica Plekuti,,Via Plecuti,,,,
Ulica Plinara - Via dell' Officina del gas,Ulica Plinara,,Via dell' Officina del gas,,,,
Ulica pod lođom - Via sotto la losa,Ulica pod lođom,,Via sotto la losa,,,,
Ulica pod lukovima - Via sotto i volti,Ulica pod lukovima,,Via sotto i volti,,,,
Ulica pod svodom - Via del volto,Ulica pod svodom,,Via del volto,,,,
Ulica pod urom - Corte delle Ore,Ulica pod urom,,Corte delle Ore,,,,
Ulica poduzetnika - Via degli Imprenditori,Ulica poduzetnika,,Via degli Imprenditori,,,,
Ulica Polaca - Via Polazza,Ulica Polaca,,Via Polazza,,,,
Ulica Polezine - Via Polesine,Ulica Polezine,,Via Polesine,,,,
Ulica poljane - Via del Pra',Ulica poljane,,Via del Pra',,,,
Ulica porta nό - Via porta nό,Ulica porta nό,,Via porta nό,,,,
Ulica Porta Stovagnaga - Via Porta Stovagnaga,Ulica Porta Stovagnaga,,Via Porta Stovagnaga,,,,
Ulica Portarol - Via Portarol,Ulica Portarol,,Via Portarol,,,,
Ulica Portolana - Via Portolana,Ulica Portolana,,Via Portolana,,,,
Ulica Pozioi - Via Pozioi,Ulica Pozioi,,Via Pozioi,,,,
Ulica Pradorlando - Via Prá d'Orlando,Ulica Pradorlando,,Via Prá d'Orlando,,,,
Ulica Prividal - Via Prividal,Ulica Prividal,,Via Prividal,,,,
Ulica Proštin - Via Prostimo,Ulica Proštin,,Via Prostimo,,,,
Ulica Proštinske bune - Via della rivolta del Prostimo,Ulica Proštinske bune,,Via della rivolta del Prostimo,,,,
Ulica Prve istarske brigade - Via Prima brigata istriana,Ulica Prve istarske brigade,,Via Prima brigata istriana,,,,
Ulica Pulskih evakuiraca (1915.-1918.) - Via degli sfollati da Pola (1915.-1918.),Ulica Pulskih evakuiraca (1915.-1918.),,Via degli sfollati da Pola (1915.-1918.),,,,
Ulica punta Pegolota - Via Punta Pegolota,Ulica punta Pegolota,,Via Punta Pegolota,,,,
Ulica Puntižela - Via Puntisella,Ulica Puntižela,,Via Puntisella,,,,
Ulica Pužar - Via Puzar,Ulica Pužar,,Via Puzar,,,,
Ulica Remigia Devescovija - Via Remigio Devescovi,Ulica Remigia Devescovija,,Via Remigio Devescovi,,,,
Ulica Riccarda Daveggie - Via Riccardo Daveggia,Ulica Riccarda Daveggie,,Via Riccardo Daveggia,,,,
Ulica Richarda Schaudina - Via Richard Schaudin,Ulica Richarda Schaudina,,Via Richard Schaudin,,,,
Ulica rijeke Boljunčice - Via del fiume Bogliuncina,Ulica rijeke Boljunčice,,Via del fiume Bogliuncina,,,,
Ulica rijeke Dragonje - Via del fiume Dragogna,Ulica rijeke Dragonje,,Via del fiume Dragogna,,,,
Ulica rijeke Raše - Via del fiume Arsa,Ulica rijeke Raše,,Via del fiume Arsa,,,,
Ulica rijeke Rižane - Via del fiume Risana,Ulica rijeke Rižane,,Via del fiume Risana,,,,
Ulica rimske centurijacije - Via della Centuriazione romana,Ulica rimske centurijacije,,Via della Centuriazione romana,,,,
Ulica Rivarela - Via Rivarella,Ulica Rivarela,,Via Rivarella,,,,
Ulica Rižanske skupštine - Via Placito del Risano,Ulica Rižanske skupštine,,Via Placito del Risano,,,,
Ulica Rižanskog placita - Via Placito del Risano,Ulica Rižanskog placita,,Via Placito del Risano,,,,
Ulica Roia - Via Roia,Ulica Roia,,Via Roia,,,,
Ulica Ronki - Via Ronchi,Ulica Ronki,,Via Ronchi,,,,
Ulica Ronko - Via Ronco,Ulica Ronko,,Via Ronco,,,,
Ulica Rotonda - Via della Rotonda,Ulica Rotonda,,Via della Rotonda,,,,
Ulica Ruban - Via Ruban,Ulica Ruban,,Via Ruban,,,,
Ulica Ruđera Boškovića - Via Ruđer Bošković,Ulica Ruđera Boškovića,,Via Ruđer Bošković,,,,
Ulica Rudine - Via Rudine,Ulica Rudine,,Via Rudine,,,,
Ulica Ruža Petrović - Via Ruža Petrović,Ulica Ruža Petrović,,Via Ruža Petrović,,,,
Ulica Ruže Petrović - Via Ruža Petrović,Ulica Ruže Petrović,,Via Ruža Petrović,,,,
Ulica S. Caterina - Via S. Caterina,Ulica S. Caterina,,Via S. Caterina,,,,
Ulica S. Martin - Via S. Martin,Ulica S. Martin,,Via S. Martin,,,,
Ulica S. Pauletića - Via S. Pauletić,Ulica Stanka Pauletića,,Via Stanko Pauletić,,,,
Ulica S. Rocco - Via S. Rocco,Ulica San Rocco,,Via San Rocco,,,Q152457,
Ulica Šaini - Via Saini,Ulica Šaini,,Via Saini,,,,
Ulica Samagher - Via Samagher,Ulica Samagher,,Via Samagher,,,,
Ulica San Nicolό - Via San Nicolό,Ulica San Nicolό,,Via San Nicolό,,,,
Ulica San Zoane - Via San Zoane,Ulica San Zoane,,Via San Zoane,,,,
Ulica San Zuian - Via San Zuian,Ulica San Zuian,,Via San Zuian,,,,
Ulica San Zusto - Via San Zusto,Ulica San Zusto,,Via San Zusto,,,,
Ulica Sant' Isepo - Via Sant' Isepo,Ulica Sant' Isepo,,Via Sant' Isepo,,,,
Ulica Sant'Elena - Via Sant'Elena,Ulica Sant'Elena,,Via Sant'Elena,,,,
Ulica Sant'Elia - Via Sant'Elia,Ulica Sant'Elia,,Via Sant'Elia,,,,
Ulica Šantamarina - Via Santamarina,Ulica Šantamarina,,Via Santamarina,,,,
Ulica Santorija Santorija - Via Santorio Santorio,Ulica Santorija Santorija,,Via Santorio Santorio,,,,
Ulica Sebastiana Schiavone - Via Sebastiano Schiavone,Ulica Sebastiana Schiavone,,Via Sebastiano Schiavone,,,,
Ulica Selo - Via Selo,Ulica Selo,,Via Selo,,,,
Ulica Sergijevaca - Via Sergia,Ulica Sergijevaca,,Via Sergia,,,,
Ulica Sigari - Via Sigari,Ulica Sigari,,Via Sigari,,,,
Ulica Silvana Chiurca - Via Silvano Chiurco,Ulica Silvana Chiurca,,Via Silvano Chiurco,,,,
Ulica Silvia Vardabassa - Via Silvio Vardabasso,Ulica Silvia Vardabassa,,Via Silvio Vardabasso,,,,
Ulica Sisplac - Via Sisplaz,Ulica Sisplac,,Via Sisplaz,,,,
Ulica Škokovica - Via Skokovica,Ulica Škokovica,,Via Skokovica,,,,
Ulica Školskog brijega - Colle delle Scuole,Ulica Školskog brijega,,Colle delle Scuole,,,,
Ulica Slanik - Via Slanik,Ulica Slanik,,Via Slanik,,,,
Ulica smreka - Via dei Ginepri,Ulica smreka,,Via dei Ginepri,,,,
Ulica šparuga - Via degli Asparagi,Ulica šparuga,,Via degli Asparagi,,,,
Ulica Špiljavac - Via Špiljavac,Ulica Špiljavac,,Via Špiljavac,,,,
Ulica Spinè - Via Spinè,Ulica Spinè,,Via Spinè,,,,
Ulica Štanga - Via Stanga,Ulica Štanga,,Via Stanga,,,,
Ulica Starih statuta - Via dei Statuti Vecchi,Ulica Starih statuta,,Via dei Statuti Vecchi,,,,
Ulica Stipana Konzula Istrijana - Via Stipan Konzul Istriano,Ulica Stipana Konzula Istrijana,,Via Stipan Konzul Istriano,,,,
Ulica Stjepana Herbuta - Via Stjepan Herbut,Ulica Stjepana Herbuta,,Via Stjepan Herbut,,,,
Ulica Stjepana Radića - Via Stjepan Radić,Ulica Stjepana Radića,,Via Stjepan Radić,,,,
Ulica Stjepana Žiže - Via Stjepan Žiža,Ulica Stjepana Žiže,,Via Stjepan Žiža,,,,
Ulica Stoja - Via Stoia,Ulica Stoja,,Via Stoia,,,,
Ulica Strada Longa - Via Strada Longa,Ulica Strada Longa,,Via Strada Longa,,,,
Ulica Stradon - Via Stradon,Ulica Stradon,,Via Stradon,,,,
Ulica Štradun - Via dei Limidi,Ulica Štradun,,Via dei Limidi,,,,
Ulica Sucolo - Via Sucolo,Ulica Sucolo,,Via Sucolo,,,,
Ulica Šurida - Via Surida,Ulica Šurida,,Via Surida,,,,
Ulica Sušnjevica - Via Frascatti,Ulica Sušnjevica,,Via Frascatti,,,,
Ulica sv. Benedikt - Via S. Benedetto,Ulica sv. Benedikt,,Via S. Benedetto,,,,
Ulica sv. Brigite - Via s. Brigida,Ulica sv. Brigite,,Via s. Brigida,,,,
Ulica sv. Felicite - Via Santa Felicita,Ulica sv. Felicite,,Via Santa Felicita,,,,
Ulica sv. Foška - Via S. Fosca,Ulica sv. Foška,,Via S. Fosca,,,,
Ulica sv. Ivana - Via San Giovanni,Ulica sv. Ivana,,Via San Giovanni,,,,
Ulica sv. Jurja - Via San Giorgio,Ulica sv. Jurja,,Via San Giorgio,,,,
Ulica sv. Kancijana - Via San Canziano,Ulica sv. Kancijana,,Via San Canziano,,,,
Ulica sv. Margarete - Via Santa Margherita,Ulica sv. Margarete,,Via Santa Margherita,,,,
Ulica sv. Mihovila - Via San Michele,Ulica sv. Mihovila,,Via San Michele,,,,
Ulica sv. Polikarpa - Via San Policarpo,Ulica sv. Polikarpa,,Via San Policarpo,,,,
Ulica sv. Sebastijana - Via S. Sebastiano,Ulica sv. Sebastijana,,Via S. Sebastiano,,,,
Ulica sv. Silvestar - Via San Silvestro,Ulica sv. Silvestar,,Via San Silvestro,,,,
Ulica sv. Teodora - Via San Teodoro,Ulica sv. Teodora,,Via San Teodoro,,,,
Ulica sv. Vida - Via s. Vito,Ulica sv. Vida,,Via s. Vito,,,,
Ulica svete Agate - Via Sant' Agata,Ulica svete Agate,,Via Sant' Agata,,,,
Ulica sveti Vidal - Via San Vidal,Ulica sveti Vidal,,Via San Vidal,,,,
Ulica svetog Antona - Via Sant' Antonio,Ulica svetog Antona,,Via Sant' Antonio,,,,
Ulica svetog Križa - Via Santa Croce,Ulica svetog Križa,,Via Santa Croce,,,,
Ulica svetog Maksima - Via San Massimo,Ulica svetog Maksima,,Via San Massimo,,,,
Ulica svetog Mihaela - Via San Michele,Ulica svetog Mihaela,,Via San Michele,,,,
Ulica svetog Petra - Via San Pietro,Ulica svetog Petra,,Via San Pietro,,,,
Ulica Svetoga Križa - Via Santa Croce,Ulica Svetoga Križa,,Via Santa Croce,,,,
Ulica Tina Ujevića - Via Tin Ujević,Ulica Tina Ujevića,,Via Tin Ujević,,,,
Ulica Tomasa Caenazza - Via Tomaso Caenazzo,Ulica Tomasa Caenazza,,Via Tomaso Caenazzo,,,,
Ulica Tomaso Quarantotto - Via Tommaso Quarantotto,Ulica Tomaso Quarantotto,,Via Tommaso Quarantotto,,,,
Ulica Tonija Godene - Via Toni Godena,Ulica Tonija Godene,,Via Toni Godena,,,,
Ulica Torči - Via Torci,Ulica Torči,,Via Torci,,,,
Ulica tornja - Via della Torre,Ulica tornja,,Via della Torre,,,,
Ulica Toro - Via Toro,Ulica Toro,,Via Toro,,,,
Ulica tramontana - Via Tramontana,Ulica tramontana,,Via Tramontana,,,,
Ulica Tribje - Via Tribie,Ulica Tribje,,Via Tribie,,,,
Ulica tridesetog travnja,Ulica 30. travnja,,Via 30. Aprile,,,,
Ulica Trsine - Via Trsine,Ulica Trsine,,Via Trsine,,,,
Ulica Tržni prolaz - Passo di Piazza,Ulica Tržni prolaz,,Passo di Piazza,,,,
Ulica Učka - Via Monte Maggiore,Ulica Učka,,Via Monte Maggiore,,,,
Ulica ulika - Via degli Olivi,Ulica ulika,,Via degli Olivi,,,,
Ulica Ulika - Via Oliva,Ulica Ulika,,Via Oliva,,,,
Ulica Umberta Gorjana - Via Umberto Gorjan,Ulica Umberta Gorjana,,Via Umberto Gorjan,,,,
Ulica Ungarija - Via Ungaria,Ulica Ungarija,,Via Ungaria,,,,
Ulica Urati - Via Urati,Ulica Urati,,Via Urati,,,,
Ulica uz Zidine - Via lungo le mura,Ulica uz Zidine,,Via lungo le mura,,,,
Ulica V. Širole-Paja - Via V. Širola-Pajo,Ulica V. Širole-Paja,,Via V. Širola-Pajo,,,,
Ulica Val de Lesso - Via Val de Lesso,Ulica Val de Lesso,,Via Val de Lesso,,,,
Ulica Val de Trintina - Via Val de Trintina,Ulica Val de Trintina,,Via Val de Trintina,,,,
Ulica Valbruna - Via Valbruna,Ulica Valbruna,,Via Valbruna,,,,
Ulica Valcereš - Via Valceres,Ulica Valcereš,,Via Valceres,,,,
Ulica Valdefora - Via Valdefora,Ulica Valdefora,,Via Valdefora,,,,
Ulica Valdemuška - Via Val de mosca,Ulica Valdemuška,,Via Val de mosca,,,,
Ulica Valdenaga - Via Valdenaga,Ulica Valdenaga,,Via Valdenaga,,,,
Ulica Valeta - Via Valletta,Ulica Valeta,,Via Valletta,,,,
Ulica Valica - Via della Valle,Ulica Valica,,Via della Valle,,,,
Ulica Valkane - Via Valcane,Ulica Valkane,,Via Valcane,,,,
Ulica Vallelunga - Via Vallelunga,Ulica Vallelunga,,Via Vallelunga,,,,
Ulica Valmade - Via Valmade,Ulica Valmade,,Via Valmade,,,,
Ulica Valovine - Via Valovine,Ulica Valovine,,Via Valovine,,,,
Ulica Valsaline - Via Valsaline,Ulica Valsaline,,Via Valsaline,,,,
Ulica Valsavie - Via Valsavie,Ulica Valsavie,,Via Valsavie,,,,
Ulica Varoš - Via Varos,Ulica Varoš,,Via Varos,,,,
Ulica Veli Vrh - Via Monte Grande,Ulica Veli Vrh,,Via Monte Grande,,,,
Ulica Veli vrh - Via Monte Grande,Ulica Veli vrh,,Via Monte Grande,,,,
Ulica Velog Jože,Ulica Velog Jože,,Via Veli Jože,,,,
Ulica Velog Jože - Via Veli Jože,Ulica Velog Jože,,Via Veli Jože,,,,
Ulica Venerija Rossetta - Via Venerio Rossetto,Ulica Venerija Rossetta,,Via Venerio Rossetto,,,,
Ulica Vergal - Via Vergal,Ulica Vergal,,Via Vergal,,,,
Ulica Vergarola - Via Vergarola,Ulica Vergarola,,Via Vergarola,,,,
Ulica Veruda - Via Veruda,Ulica Veruda,,Via Veruda,,,,
Ulica Verudella - Via Verudella,Ulica Verudella,,Via Verudella,,,,
Ulica Vesne Girardi - Jurkić - Via Vesna Girardi - Jurkić,Ulica Vesne Girardi - Jurkić,,Via Vesna Girardi - Jurkić,,,,
Ulica Videlanka - Via Videlanca,Ulica Videlanka,,Via Videlanca,,,,
Ulica Vidikovac - Via Vidikovac,Ulica Vidikovac,,Via Vidikovac,,,,
Ulica Viktor Car Emin - Via Viktor Car Emin,Ulica Viktor Car Emin,,Via Viktor Car Emin,,,,
Ulica Viktora Cara Emina - Via Viktor Car Emin,Ulica Viktora Cara Emina,,Via Viktor Car Emin,,,,
Ulica Viktora Cara-Emina - Via Viktor Car-Emin,Ulica Viktora Cara-Emina,,Via Viktor Car-Emin,,,,
Ulica villa - Via villa,Ulica villa,,Via villa,,,,
Ulica Villa Rite - Via Villa Rita,Ulica Villa Rite,,Via Villa Rita,,,,
Ulica Vincenta iz Kastva - Via Vicenzo da Castua,Ulica Vincenta iz Kastva,,Via Vicenzo da Castua,,,,
Ulica Vincenta iz Kastva - Via Vincenzo Da Castua,Ulica Vincenta iz Kastva,,Via Vincenzo Da Castua,,,,
Ulica Vincenta iz Kastva - Via Vincenzo da Castua,Ulica Vincenta iz Kastva,,Via Vincenzo da Castua,,,,
Ulica Viovica - Via Vioviza,Ulica Viovica,,Via Vioviza,,,,
Ulica Vittoria Druscovicha - Via Vittorio Druscovich,Ulica Vittoria Druscovicha,,Via Vittorio Druscovich,,,,
Ulica Vjekoslava Spinčića - Via Vjekoslav Spinčić,Ulica Vjekoslava Spinčića,,Via Vjekoslav Spinčić,,,,
Ulica Vladimir Gortan - Via Vladimir Gortan,Ulica Vladimir Gortan,,Via Vladimir Gortan,,,,
Ulica Vladimir Nazor - Via Vladimir Nazor,Ulica Vladimir Nazor,,Via Vladimir Nazor,,,,
Ulica Vladimira Gortana - Via Vladimir Gortan,Ulica Vladimira Gortana,,Via Vladimir Gortan,,,,
Ulica Vladimira Nazora - Via Vladimir Nazor,Ulica Vladimira Nazora,,Via Vladimir Nazor,,,Q380529,
Ulica Vladimira Švalbe - Via Vladimir Švalba,Ulica Vladimira Švalbe,,Via Vladimir Švalba,,,,
Ulica Voćarska - Via Voćarska,Ulica Voćarska,,Via Voćarska,,,,
Ulica Vrh - Via Monte,Ulica Vrh,,Via Monte,,,,
Ulica Žakna Jurja - Via Žakan Juri,Ulica Žakna Jurja,,Via Žakan Juri,,,,
Ulica Zatišje - Via Zatišje,Ulica Zatišje,,Via Zatišje,,,,
Ulica Zidine - Via delle Mura,Ulica Zidine,,Via delle Mura,,,,
Ulica Zidine - Via Zidine,Ulica Zidine,,Via Zidine,,,,
Ulica Zore Matić - Via Zora Matić,Ulica Zore Matić,,Via Zora Matić,,,,
Ulica Zorzi Ventura - Via Zorzi Ventura,Ulica Zorzi Ventura,,Via Zorzi Ventura,,,,
Ulica Žrtava fašizma - Via Martiri antifascisti,Ulica Žrtava fašizma,,Via Martiri antifascisti,,,,
Ulica žrtava fašizma - Via Vittime del fascismo,Ulica žrtava fašizma,,Via Vittime del fascismo,,,,
Ulica Žuka - Via delle Ginestre,Ulica Žuka,,Via delle Ginestre,,,,
Ulica Županije Somogy,Ulica županije Somogy,,Via regione di Somogy,,,Q190522,
Ulica Zvane Črnje - Via Zvane Črnja,Ulica Zvane Črnje,,Via Zvane Črnja,,,,
Uljarska ulica - Via del Torcio,Uljarska ulica,,Via del Torcio,,,,
Umaška ulica - Via Umago,Umaška ulica,,Via Umago,,,Q221184,
Ungarija - Ungaria,Ungarija,,Ungaria,,,,
Uska ulica - Vicolo stretto,Uska ulica,,Vicolo stretto,,,,
Uskočka ulica - Via degli Uscocchi,Uskočka ulica,,Via degli Uscocchi,,,,
Uspon Francesca Bodi - Salita Francesca Bodi,Uspon Francesca Bodi,,Salita Francesca Bodi,,,,
Uspon Konzula Istranina - Clivo Stjepan Konzul Istranin,Uspon Konzula Istranina,,Clivo Stjepan Konzul Istranin,,,,
Uspon na Kaštel - Clivo al Castello,Uspon na Kaštel,,Clivo al Castello,,,,
Uspon Pavla Đakona - Clivo Paolo Diacono,Uspon Pavla Đakona,,Clivo Paolo Diacono,,,,
Uspon sv. Franje Asiškog - Clivo San Francesco D'Assisi,Uspon sv. Franje Asiškog,,Clivo San Francesco D'Assisi,,,,
Uspon sv. Petra - Salita s. Pietro,Uspon sv. Petra,,Salita s. Pietro,,,,
Uspon sv. Roka - Clivo San Rocco,Uspon sv. Roka,,Clivo San Rocco,,,,
Uspon sv. Stjepana - Clivo Santo Stefano,Uspon sv. Stjepana,,Clivo Santo Stefano,,,,
Uspon Vincenta iz Kastva - Clivo Vincenzo Da Castua,Uspon Vincenta iz Kastva,,Clivo Vincenzo Da Castua,,,,
Valdebečki put - Via Valdibecco,Valdebečki put,,Via Valdibecco,,,,
Valdragonska ulica - Via Valdragon,Valdragonska ulica,,Via Valdragon,,,,
Vale - Valle,Vale,,Valle,,,,
Valenta - Valenta,Valenta,,Valenta,,,,
Valentići - Valentici,Valentići,,Valentici,,,,
Valfontane - Valfontane,Valfontane,,Valfontane,,,,
Valica - Valizza,Valica,,Valizza,,,,
Valmarinski put - Vicolo Valmarin,Valmarinski put,,Vicolo Valmarin,,,,
Valturska ulica - Via Altura,Valturska ulica,,Via Altura,,,,
Valvazorova ulica - Via Johann Veickhard Valvasor,Valvazorova ulica,,Via Johann Veickhard Valvasor,,,,
Valvidalska ulica - Via Valvidal,Valvidalska ulica,,Via Valvidal,,,,
Varaždinska ulica - Via Varaždin,Varaždinska ulica,,Via Varaždin,,,,
Vardica - Vardiza,Vardica,,Vardiza,,,,
Varetonova stancija - Stanzia Vareton,Varetonova stancija,,Stanzia Vareton,,,,
Varvari - Varvari,Varvari,,Varvari,,,,
Veli Breg - Monte Grande,Veli Breg,,Monte Grande,,,,
Veli Dvor - Tigor Grande,Veli Dvor,,Tigor Grande,,,,
Veli Mlin - Molino Grande,Veli Mlin,,Molino Grande,,,,
Velika stancija - Stanzia Grande,Velika stancija,,Stanzia Grande,,,,
Velika ulica - Strada Grande,Velika ulica,,Strada Grande,,,,
Veliki trg - Piazza Grande,Veliki trg,,Piazza Grande,,,,
Vergerijeva ulica - Via Pietro Paolo Vergerio,Vergerijeva ulica,,Via Pietro Paolo Vergerio,,,,
Vernalska ulica - Via Vernal,Vernalska ulica,,Via Vernal,,,,
Veronska ulica - Via Verona,Veronska ulica,,Via Verona,,,,
Veslačka ulica - Via dei Canottieri,Veslačka ulica,,Via dei Canottieri,,,,
Vicolo della bissa - Vicolo della bissa,Vicolo della bissa,,Vicolo della bissa,,,,
Viđini - Vigini,Viđini,,Vigini,,,,
Vidrijanski put - Vicolo Vidrian,Vidrijanski put,,Vicolo Vidrian,,,,
Vijenac braće Lorenzetto - Circonvallazione fratelli Lorenzetto,Vijenac braće Lorenzetto,,Circonvallazione fratelli Lorenzetto,,,,
Vijenac Franje Glavinića - Circonvallazione Franjo Glavinić,Vijenac Franje Glavinića,,Circonvallazione Franjo Glavinić,,,,
Viktora Cara Emina,Ulica Viktora Cara Emina,,Via Viktor Car Emin,,,Q339487,
Vila Cijani - Villa Ziani,Vila Cijani,,Villa Ziani,,,,
Vinela - Venela,Vinela,,Venela,,,,
Vinja,Vinja,,Vigna,,,,
Vinjarija - Vignaria,Vinjarija,,Vignaria,,,,
Vinogradarska ulica - Via dei Viticoltori,Vinogradarska ulica,,Via dei Viticoltori,,,,
Vinogradska ulica - Via dei Vigneti,Vinogradska ulica,,Via dei Vigneti,,,,
Vinogradska ulica - Via delle vigne,Vinogradska ulica,,Via delle vigne,,,,
Vinska cesta - Via del vino,Vinska cesta,,Via del vino,,,,
Viška ulica - Via Lissa,Viška ulica,,Via Lissa,,,,
Višnjanska,Višnjanska ulica,,Via Visignano,,,,
Vitasovićeva ulica - Via Vladimir Vitasović,Vitasovićeva ulica,,Via Vladimir Vitasović,,,,
Vitezićeva ulica - Via Dinko Vitezić,Vitezićeva ulica,,Via Dinko Vitezić,,,,
Vitomira Paje Širole,Ulica Vitomira Paje Širole,,Via Vitomir Pajo Širola,,,Q10977102,
Vitorija - Vittoria,Vitorija,,Vittoria,,,,
Vižinada - Visinada,Vižinada,,Visinada,,,,
Vižintini - Visintini,Vižintini,,Visintini,,,,
Vižintini Vrhi - Visintini Monti,Vižintini Vrhi,,Visintini Monti,,,,
Vižintini Završki - Visintini di Piemonte,Vižintini Završki,,Visintini di Piemonte,,,,
Vjekoslava Spinčića,Ulica Vjekoslava Spinčića,,Via Vjekoslav Spinčić,,,Q7938117,
Vladimira Gortana,Ulica Vladimira Gortana,,Via Vladimir Gortan,,,Q347277,
Vladimira Nazora,Ulica Vladimira Nazora,,Via Vladimir Nazor,,,Q380529,
Voćarska ulica - Via dei Frutteti,Voćarska ulica,,Via dei Frutteti,,,,
Voćni trg - Piazza dell' erbe,Voćni trg,,Piazza dell' erbe,,,,
Vodnjanska cesta - Via Dignano,Vodnjanska cesta,,Via Dignano,,,,
Vodovodna ulica - Via dell' acquedotto,Vodovodna ulica,,Via dell' acquedotto,,,,
Vodovodna ulica - Via dell'Acquedotto,Vodovodna ulica,,Via dell'Acquedotto,,,,
Volparija - Volparia,Volparija,,Volparia,,,,
Volpija - Volpia,Volpija,,Volpia,,,,
Voltićeva ulica - Via Giuseppe Voltiggi,Voltićeva ulica,,Via Giuseppe Voltiggi,,,,
Vranci - Vranzi,Vranci,,Vranzi,,,,
Vrata na obali - Porta della riva,Vrata na obali,,Porta della riva,,,,
Vrata pod zidom - Porta sotto muro,Vrata pod zidom,,Porta sotto muro,,,,
Vrata Sv. Križa - Porta S. Croce,Vrata Svetog Križa,,Porta Santa Croce,,,,
Vrata Valdibora - Porta Valdibora,Vrata Valdibora,,Porta Valdibora,,,,
Vrh - Monte,Vrh,,Monte,,,,
Vrh Benolići - Monte Benolić,Vrh Benolići,,Monte Benolić,,,,
Vrh Činić - Monte Cinich,Vrh Činić,,Monte Cinich,,,,
Vrh Kostanjice - Biloslavi - Monte di Castagna - Biloslavi,Vrh Kostanjice - Biloslavi,,Monte di Castagna - Biloslavi,,,,
Vrh Marcari - Monte Marzari,Vrh Marcari,,Monte Marzari,,,,
Vrh Roman - Monte Romano,Vrh Roman,,Monte Romano,,,,
Vrsarska,Vrsarska ulica,,Via Orsera,,,,
Vrsarska ulica - Via Orsera,Vrsarska ulica,,Via Orsera,,,,
Vrsarski prilaz - Androna Orsera,Vrsarski prilaz,,Androna Orsera,,,,
Vrtlarska ulica - Via degli orti,Vrtlarska ulica,,Via degli orti,,,,
Vrtna ulica - Via degli orti,Vrtna ulica,,Via degli orti,,,,
Vrtna ulica - Via dei giardini,Vrtna ulica,,Via dei giardini,,,,
Vukovarska,Vukovarska ulica,,Via Vukovar,,,Q5867,
Vukovarska ulica - Via Vukovar,Vukovarska ulica,,Via Vukovar,,,,
Wolffova ulica - Via Georg Wolf,Wolffova ulica,,Via Georg Wolf,,,,
Zabrdo - Zaberdi,Zabrdo,,Zaberdi,,,,
Zadarska ulica - Via Zara,Zadarska ulica,,Via Zara,,,,
Zagorska ulica - Via Zagorje,Zagorska ulica,,Via Zagorje,,,,
Zagrebačka,Zagrebačka ulica,,Via Zagabria,,,Q1435,
Zagrebačka ulica - Via Zagabria,Zagrebačka ulica,,Via Zagabria,,,,
Zagrebačka ulica - Viale Zagabria,Zagrebačka ulica,,Viale Zagabria,,,,
Zagrebački trg - Piazza Zagabria,Zagrebački trg,,Piazza Zagabria,,,,
Zahtilina ulica - Via Josip Zahtila,Zahtilina ulica,,Via Josip Zahtila,,,,
Zakinji - Zacchigni,Zakinji,,Zacchigni,,,,
Zanatska ulica - Via degli Artigiani,Zanatska ulica,,Via degli Artigiani,,,,
Zanatska ulica - Via dei artigiani,Zanatska ulica,,Via dei artigiani,,,,
Završje - Piemonte,Završje,,Piemonte,,,,
Zdenac - Pian di pozzo,Zdenac,,Pian di pozzo,,,,
Zelena ulica - Via Verde,Zelena ulica,,Via Verde,,,,
Zeleni vrh - Monte Verde,Zeleni vrh,,Monte Verde,,,,
Željeznička,Željeznička ulica,,,Vasút utca,,,
Željeznička ulica - Via della Ferrovia,Željeznička ulica,,Via della Ferrovia,,,,
Zemljoradnička ulica - Via degli Agricoltori,Zemljoradnička ulica,,Via degli Agricoltori,,,,
Zidine - Zidine,Zidine,,Zidine,,,,
Zlatićev trg - Piazza Slavko Zlatić,Zlatićev trg,,Piazza Slavko Zlatić,,,,
Zlatna ulica - Via Aurea,Zlatna ulica,,Via Aurea,,,,
Žminjska,Žminjska ulica,,Via Gimino,,,,
Žminjska ulica - Via Gimino,Žminjska ulica,,Via Gimino,,,,
Žnjidarići - Snidarici,Žnjidarići,,Snidarici,,,,
Zoranićeva ulica - Via Petar Zoranić,Zoranićeva ulica,,Via Petar Zoranić,,,,
Zorzettijeva ulica - Via Zorzetti,Zorzettijeva ulica,,Via Zorzetti,,,,
Zrenj - Stridone,Zrenj,,Stridone,,,,
Zubini - Zubini,Zubini,,Zubini,,,,
Županska ulica - Via dello Zupano,Županska ulica,,Via dello Zupano,,,,
Župni trg - Largo della Parrocchia,Župni trg,,Largo della Parrocchia,,,,
Župni trg - Piazza del duomo,Župni trg,,Piazza del duomo,,,,
Zvegar - Svegro,Zvegar,,Svegro,,,,
Klaonička,Klaonička ulica,,,,,,
Pilanska,Pilanska ulica,,,,,,
Dravska,Dravska ulica,,,,,Q171009,
Pavleka Miškine,Ulica Pavleka Miškine,,,,,Q1567728,
Kralja Tomislava,Ulica Kralja Tomislava,,,,,Q319638,
Blage i Roberta Zadre,Ulica Blage i Roberta Zadre,,,,,,
Trnavska,Trnavska ulica,,,,,,
Grobljanska,Grobljanska ulica,,,,,,
Punitovačka,Punitovačka ulica,,,,,,
Leon Peter,Ulica Leon Peter,,,,,,
Slavka Banića,Ulica Slavka Banića,,,,,,
Ul. Vladimira Nazora,Ulica Vladimira Nazora,,,,,Q380529,
Ulica J. J. Strossmayera,Ulica Josipa Jurja Strossmayera,,,,,Q434257,
Ul. Vinka Borevkovića,Ulica Vinka Borevkovića,,,,,,
Ulica sv. Roka,Ulica svetog Roka,,,,,Q152457,
Hrv. dragovoljaca,Ulica hrvatskih dragovoljaca,,,,,,
Andrije Novosela,Ulica Andrije Novosela,,,,,,
Cvjetna,Cvjetna ulica,,,,,,
Livadarska,Livadarska ulica,,,,,,
Mlinarska,Mlinarska ulica,,,,,,
D. Drače,Donje Drače,,,,,,
Konjska,Konjska ulica,,,,,,
Franje Jurčića,Ulica Franje Jurčića,,,,,,
Stjepana Radića,Ulica Stjepana Radića,,,,,Q347471,
Kod crkve sv. Luka prav.,Kod crkve sv. Luka pravoslavne,,,,,,
J. J. Strossmayera,Ulica Josipa Jurja Strossmayera,,,,,Q434257,
Josipa Kozarca,Ulica Josipa Kozarca,,,,,Q1253353,
I. G. Kovačića,Ulica Ivana Gorana Kovačića,,,,,Q835790,
Braće Radić,Ulica braće Radić,,,,,Q347471;Q12627105,
Špira Čorkala,Ulica Špira Čorkala,,,,,,
Kruna Kaleba,Ulica Kruna Kaleba,,,,,,
Mate Miljasa,Ulica Mate Miljasa,,,,,,
Pučkih kraljeva,Ulica pučkih kraljeva,,,,,,
Ulica Zagrebačka,Zagrebačka ulica,,,,,,
Ulica Splitska,Splitska ulica,,,,,,
Ulica Krbavska,Krbavska ulica,,,,,,
Ulica Vukovarska,Vukovarska ulica,,,,,Q5867,
Vlatka Mačeka,Ulica Vlatka Mačeka,,,,,Q254114,
Hrvatskih branitelja,Ulica hrvatskih branitelja,,,,,Q16113167,
Petra Svačića,Ulica Petra Svačića,,,,,Q741354,
Antuna Mihanovića,Ulica Antuna Mihanovića,,,,,Q610036,
Ante Starčevića,Ulica Ante Starčevića,,,,,Q571619,
Ulica bana J. Jelačića,Ulica bana Josipa Jelačića,,,,,,
J. Kozarca,Ulica Josipa Kozarca,,,,,Q1253353,
Srijemska,Srijemska ulica,,,,,Q1309492,
Sajmišna,Sajmišna ulica,,,,,,
Dr. Ante Starčevića,Ulica doktora Ante Starčevića,,,,,Q571619,
Ivana Duknovića,Ulica Ivana Duknovića,,,,,,
Sv. Ivana Trogirskog,Ulica sv. Ivana Trogirskog,,,,,,
Svete Ane,Ulica svete Ane,,,,,Q164294,
Franje Klvanje,Ulica Franje Klvanje,,,,,,
G. Jančići,Gornji Jančići,,,,,,
Bana Jelačića,Ulica bana Jelačića,,,,,Q154418,
Nikole Šubića Zrinskog,Ulica Nikole Šubića Zrinskog,,,,,Q467477,
Dr. Franje Tuđmana,Ulica doktora Franje Tuđmana,,,,,Q183703,
Augusta Šenoe,Ulica Augusta Šenoe,,,,,Q347672,
Ribarska,Ribarska ulica,,,,,Q331432,
Paelova,Paelova ulica,,,,,,
Ulica K. Š. Đalskog,Ulica Ksavera Šandora Đalskog,,,,,,
Vojkovićka,Vojkovićka ulica,,,,,,
Senjska,Senjska ulica,,,,,Q259466,
Sv. Mihovila,Ulica sv. Mihovila,,,,,Q45581,
Hrvatskih velikana,Ulica hrvatskih velikana,,,,,,
Petra Studenca,Ulica Petra Studenca,,,,,,
Ul. I - istočna obala,Ulica I - istočna obala,,,,,,
Češka,Češka ulica,,,,,,
Školska,Školska ulica,,,,,,
Baranjska,Baranjska ulica,,,,,Q578950,
Štefanska,Štefanska ulica,,,,,,
Ruđera Boškovića,Ulica Ruđera Boškovića,,,,,Q310757,
Martina Gambona,Ulica Martina Gambona,,,,,,
Andrije Kačića Miošića,Ulica Andrije Kačića Miošića,,,,,Q511464,
Vjekoslava Karasa,Ulica Vjekoslava Karasa,,,,,,
Kneza Branimira,Ulica kneza Branimira,,,,,Q898531,
Silvija Strahimira Kranjčevića,Ulica Silvija Strahimira Kranjčevića,,,,,Q470704,
Josipa Kraša,Ulica Josipa Kraša,,,,,Q1253890,
Dr. Vladka Mačeka,Ulica doktora Vladka Mačeka,,,,,Q254114,
Imbre Tkalca,Ulica Imbre Tkalca,,,,,,
Trg Bana Josipa Jelačića,Trg bana Josipa Jelačića,,,,,,
Trogirska,Trogirska ulica,,,,,Q189161,
Dr. Slavka Rozgaja,Ulica doktora Slavka Rozgaja,,,,,,
Lipova,Lipova ulica,,,,,,
Sisačka,Sisačka ulica,,,,,Q192119,
Frankopanska,Frankopanska ulica,,,,,Q943292,
Grigora Viteza,Ulica Grigora Viteza,,,,,Q1254579,
Ivana Brlić Mažuranić,Ulica Ivane Brlić Mažuranić,,,,,,
Josipa Juraja Štrosmajera,Ulica Josipa Juraja Štrosmajera,,,,,,
Ksavera Šandora Đalskog,Ulica Ksavera Šandora Đalskog,,,,,Q1291173,
Voćinska,Voćinska ulica,,,,,,
Domovinska,Domovinska ulica,,,,,,
Iličić Mirka,Ulica Iličić Mirka,,,,,,
"Naselje ""Lutvinka""",Naselje Lutvinka,,,,,,
Žumberačka,Žumberačka ulica,,,,,,
Martinović Slavka,Ulica Slavka Martinovića,,,,,,
Ulica Kneza Branimira,Ulica kneza Branimira,,,,,Q898531,
Svetog Jakova,Ulica svetog Jakova,,,,,,
Emanuela Vidovića,Ulica Emanuela Vidovića,,,,,,
Tomislavova,Tomislavova ulica,,,,,Q319638,
Kardinala Alojzija Stepinca,Ulica kardinala Alojzija Stepinca,,,,,Q310505,
Alješijina,Alješijina ulica,,,,,,
Bakotićeva,Bakotićeva ulica,,,,,,
Bilanova,Bilanova ulica,,,,,,
Bubalova,Bubalova ulica,,,,,,
Imotska,Imotska ulica,,,,,Q397656,
Gorička,Gorička ulica,,,,,,
Papandopulova,Papandopulova ulica,,,,,,
Domaldova,Domaldova ulica,,,,,,
Ilirske akademije,Ulica Ilirske akademije,,,,,,
Triljska,Triljska ulica,,,,,,
Jerina,Jerina ulica,,,,,,
Jesenička,Jesenička ulica,,,,,,
Hrv. iseljenika,Ulica hrvatskih iseljenika,,,,,,
Kranjčevićeva,Kranjčevićeva ulica,,,,,,
Matošića,Matošića ulica,,,,,,
Kralja Zvonimira,Ulica kralja Zvonimira,,,,,Q470647,
Radnička,Radnička ulica,,,,,,
Gundulićeva,Gundulićeva ulica,,,,,Q317588,
Riječka,Riječka ulica,,,,,,
Siriščevića,Siriščevića ulica,,,,,,
Ulica dr Ante Starčevića,Ulica doktora Ante Starčevića,,,,,Q571619,
Starčevićeva,Ulica Ante Starčevića,,,,,Q571619,
Slavićeva,Slavićeva ulica,,,,,,
Vladimira Čerine,Ulica Vladimira Čerine,,,,,Q16111852,
Ćikovići (novo naselje),Ćikovići novo naselje,,,,,,
Obala kralja Tomislava K. Štafilić,Obala kralja Tomislava,,,,,Q319638,
Varaždinska,Varaždinska ulica,,,,,Q5420,
I. L. Ribara,Ulica Ive Lole Ribara,,,,,Q1265884,
Solara,Ulica Solara,,,,,,
Ul. Franje Tuđmana,Ulica Franje Tuđmana,,,,,,
Ul. Mateja Mazareka,Ulica Mateja Mazareka,,,,,,
Ul. Mihaela Glasnovića,Ulica Mihaela Glasnovića,,,,,,
Marije Rice,Ulica Marije Rice,,,,,,
Ogulinska,Ogulinska ulica,,,,,,
Kolodvorska,Kolodvorska ulica,,,,,,
Vrbanićeva,Vrbanićeva ulica,,,,,,
Don Ante Petaka,Ulica Don Ante Petaka,,,,,,
Svetog Marka,Ulica svetog Marka,,,,,,
Kneza Mislava,Ulica kneza Mislava,,,,,Q913524,
Đ. Jakšića,Ulica Đure Jakšića,,,,,Q342124,
Petra Zrinskog,Ulica Petra Zrinskog,,,,,Q508799,
Mihajla Klajna,Ulica Mihajla Klajna,,,,,,
Moše Pijade,Ulica Moše Pijade,,,,,,
Jelenina,Jelenina ulica,,,,,,
Kosorova,Kosorova ulica,,,,,,
Seljačke bune,Ulica Seljačke bune,,,,,,
Bleiburška,Bleiburška ulica,,,,,,
Krbavska,Krbavska ulica,,,,,,
Kijevska,Kijevska ulica,,,,,,
Boškovićeva,Boškovićeva ulica,,,,,Q310757,
Montijeva,Montijeva ulica,,,,,,
Šimićeva,Šimićeva ulica,,,,,,
Suronjina,Suronjina ulica,,,,,,
Sinjska,Sinjska ulica,,,,,,
Dinarska,Dinarska ulica,,,,,Q3183447,
Sv. Nikole Tavelića,Ulica sv. Nikole Tavelića,,,,,Q48252,
Ulica Pod topol,Ulica pod topol,,,,,,
Ružina,Ružina ulica,,,,,,
Ivana Rabljanina,Ulica Ivana Rabljanina,,,,,,
Kneza Trpimira,Ulica kneza Trpimira,,,,,Q470713,
Marka Markovića,Ulica Marka Markovića,,,,,,
Nova,Nova ulica,,,,,,
Ulica Poljoprivredni put,Ulica poljoprivredni put,,,,,,
Golja Milan,Ulica Milana Golje,,,,,,
Branimira Markovića,Ulica Branimira Markovića,,,,,,
Braće Radića,Ulica braće Radić,,,,,Q347471;Q12627105,
Antuna Petrovića,Ulica Antuna Petrovića,,,,,,
Ul. Stjepana Radića,Ulica Stjepana Radića,,,,,Q347471,
Andrije Peruča,Ulica Andrije Peruča,,,,,,
Bartola Kašića,Ulica Bartola Kašića,,,,,Q809479,
Bihaćka,Bihaćka ulica,,,,,,
Bilogorska,Bilogorska ulica,,,,,Q136895,
Bože Starca Jurićeva,Ulica Bože Starca Jurićeva,,,,,,
Braće Hlača,Ulica Braće Hlača,,,,,,
Braće Vlah,Ulica Braće Vlah,,,,,,
Bujska,Bujska ulica,,,,,,
Čabarska,Čabarska ulica,,,,,,
Drežnička,Drežnička ulica,,,,,,
Sv Martina,Ulica sv. Martina,,,,,,
Hrv. dragovoljaca,Ulica hrvatskih dragovoljaca,,,,,,
Ivana Gorana Kovačića,Ulica Ivana Gorana Kovačića,,,,,Q835790,
Ivana Zajca,Ulica Ivana Zajca,,,,,Q380547,
Kralja Držislava,Ulica kralja Držislava,,,,,Q370256,
Miške Zvonara,Ulica Miške Zvonara,,,,,,
Josipa Jurja Strossmayera,Ulica Josipa Jurja Strossmayera,,,,,Q434257,
Ul. dr. Alojz. Stepinca,Ulica Alojza Stepinca,,,,,,
Ul. Zdeslava Turića,Ulica Zdeslava Turića,,,,,,
Ulica Zbora Narodne garde,Ulica Zbora narodne garde,,,,,,
Braće Car,Ulica braće Car,,,,,,
Josipa Košuljandića Tome,Ulica Josipa Košuljandića Tome,,,,,,
Cvijetna,Cvjetna ulica,,,,,,
Borovička,Borovička ulica,,,,,,
Franje Hanamana,Ulica Franje Hanamana,,,,,,
Ulica A. G. Matoša,Ulica Antuna Gustava Matoša,,,,,Q610015,
Stipe Matovića,Ulica Stipe Matovića,,,,,,
Bana Josipa Jelačića,Ulica bana Josipa Jelačića,,,,,Q154418,
Biokovska,Biokovska ulica,,,,,Q864456,
Ul. Antonija Danijelija,Ulica Antonija Danijelija,,,,,,
Ul. Eugena Kvaternika,Ulica Eugena Kvaternika,,,,,,
Ul. Ivana Zajca,Ulica Ivana Zajca,,,,,,
Ul. Jurja Dalmatinca,Ulica Jurja Dalmatinca,,,,,Q510203,
Ul. Vida Matasovića,Ulica Vida Matasovića,,,,,,
Senjska ul.,Senjska ulica,,,,,,
Varaždinska ul.,Varaždinska ulica,,,,,,
Velebitska ul.,Velebitska ulica,,,,,,
Zadarska ul.,Zadarska ulica,,,,,,
Ul kneza Borne,Ulica kneza Borne,,,,,,
Ul. Matije Gupca,Ulica Matije Gupca,,,,,Q715968,
Ul. kneza Višeslava,Ulica kneza Višeslava,,,,,,
Ul. Blajburških žrtava,Ulica Blajburških žrtava,,,,,,
Ul. dr. Ivana Šubašića,Ulica doktora Ivana Šubašića,,,,,,
Ul. Krste Hegedušića,Ulica Krste Hegedušića,,,,,,
Braće Marčetića,Ulica braće Marčetića,,,,,,
Ul. Marinka Gnjatovića,Ulica Marinka Gnjatovića,,,,,,
Frane Matošića,Ulica Frane Matošića,,,,,,
Josipa Jurenca,Ulica Josipa Jurenca,,,,,,
Istarskih glagoljaša,Ulica istarskih glagoljaša,,,,,,
Šime Kurelića,Ulica Šime Kurelića,,,,,,
Dinka Vitezića,Ulica Dinka Vitezića,,,,,,
"Tugomila Ujčića, prof.",Ulica profesora Tugomila Ujčića,,,,,,
Ivana Kapistrana,Ulica Ivana Kapistrana,,,,,,
Jelengradska,Jelengradska ulica,,,,,,
Janka Stjepušina,Ulica Janka Stjepušina,,,,,,
Slavoljuba Kostinčera,Ulica Slavoljuba Kostinčera,,,,,,
Bogoslava Šuleka,Ulica Bogoslava Šuleka,,,,,,
Ivana Petrušića,Ulica Ivana Petrušića,,,,,,
Ivana Ribara,Ulica Ivana Ribara,,,,,,
Josipa Runjanina,Ulica Josipa Runjanina,,,,,Q1265421,
Mate Božičevića,Ulica Mate Božičevića,,,,,,
Franje Šrama,Ulica Franje Šrama,,,,,,
Andrije Petračića desni odvojak II,Ulica Andrije Petračića desni odvojak II,,,,,,
Unska,Unska ulica,,,,,Q212927,
Frana Galovića,Ulica Frana Galovića,,,,,Q12347933,
Vinka Žganeca,Ulica Vinka Žganeca,,,,,,
Ive Maline odvojak,Ulica Ive Maline odvojak,,,,,,
Matije Antolca,Ulica Matije Antolca,,,,,,
Mate Filjaka odvojak II,Ulica Mate Filjaka odvojak II,,,,,,
Miroslava Ebnera odvojak,Ulica Miroslava Ebnera odvojak,,,,,,
Ružmarinska,Ružmarinska ulica,,,,,,
Katarine Zrinske,Ulica Katarine Zrinske,,,,,Q452694,
Maslinarska,Maslinarska ulica,,,,,,
Ante Kovačića,Ulica Ante Kovačića,,,,,Q1097700,
Livadska,Livadska ulica,,,,,,
Brezova,Brezova ulica,,,,,,
Kvarnerska,Kvarnerska ulica,,,,,Q938838,
Deverićeva,Deverićeva ulica,,,,,,
Zadarska,Zadarska ulica,,,,,Q3370,
Frana Supila,Ulica Frana Supila,,,,,Q692107,
Ul. Frana Supila,Ulica Frana Supila,,,,,Q692107,
Jamina,Jamina ulica,,,,,,
Mekotina,Mekotina ulica,,,,,,
Poljička,Poljička ulica,,,,,,
Odvojak Riječke,Odvojak Riječke ulice,,,,,,
Branka Radičevića,Ulica Branka Radičevića,,,,,Q540772,
Panonska,Panonska ulica,,,,,,
Katarine Zrinski,Ulica Katarine Zrinski,,,,,,
Milana Milankovića,Ulica Milana Milankovića,,,,,,
Zagorska,Zagorska ulica,,,,,,
Ulica Uvala Mala Tatinja,Uvala Mala Tatinja,,,,,,
Ulica Uvala Vela Tatinja,Uvala Vela Tatinja,,,,,,
Ulica Uvala Gračišće,Uvala Gračišće,,,,,,
Petra i Katice Pavlić,Ulica Petra i Katice Pavlić,,,,,,
Ivice Takača,Ulica Ivice Takača,,,,,,
Joakima Rakovca,Ulica Joakima Rakovca,,,,,,
Milana Sirotića,Ulica Milana Sirotića,,,,,,
Stjepana Konzula,Ulica Stjepana Konzula,,,,,,
Svetog Jurja,Ulica svetog Jurja,,,,,,
9. septembra,Ulica 9. septembra,,,,,,
Bašćanska,Bašćanska ulica,,,,,,
Bodulska,Bodulska ulica,,,,,,
Dobrinjska,Dobrinjska ulica,,,,,,
Drage Gervaisa,Ulica Drage Gervaisa,,,,,,
Ivana Mažuranića,Ulica Ivana Mažuranića,,,,,,
Narodnog preporoda,Ulica Narodnog preporoda,,,,,,
Vatroslava Lisinskog,Ulica Vatroslava Lisinskog,,,,,Q1277066,
Vinogradska,Vinogradska ulica,,,,,,
Ulica Braće Radić,Ulica braće Radić,,,,,Q347471;Q12627105,
Ilovska,Ilovska ulica,,,,,,
Luke Ibrišimovića,Ulica Luke Ibrišimovića,,,,,Q13645337,
Republike Hrvatske,Ulica Republike Hrvatske,,,,,,
Ermenegilda Štembergera,Ulica Ermenegilda Štembergera,,,,,,
Ul. 43 istarske diviz.,Ulica 43. istarske divizije,,,,,,
Dobre Dobričevića,Ulica Dobre Dobričevića,,,,,,
Pokladarska,Pokladarska ulica,,,,,,
Barba Rike,Ulica Barba Rike,,,,,,
Tonći Petrasov Marović,Ulica Tonča Petrasova Marovića,,,,,Q20526075,
Zoranićeva,Zoranićeva ulica,,,,,,
Lugarska,Lugarska ulica,,,,,,
Turistička ul.,Turistička ulica,,,,,,
Ul. Hinka Juhna,Ulica Hinka Juhna,,,,,,
Ul. Biskupa Divnića,Ulica Biskupa Divnića,,,,,,
Ul. Kneza Trpimira,Ulica Kneza Trpimira,,,,,,
Ul. braće Radić,Ulica braće Radić,,,,,Q347471;Q12627105,
Ul. 3. imotske bojne,Ulica 3. imotske bojne,,,,,,
Ul. Hrvatskog proljeća,Ulica Hrvatskog proljeća,,,,,,
Mirna,Mirna ulica,,,,,,
Željka Jurčevića,Ulica Željka Jurčevića,,,,,,
Ulica Riječka,Riječka ulica,,,,,,
Ulica Gospićka,Gospićka ulica,,,,,,
Ulica Istarska,Istarska ulica,,,,,,
Ulica Mrsinjska,Mrsinjska ulica,,,,,,
Ulica Bana Derenčina,Ulica bana Derenčina,,,,,,
Ulica Zadarska,Zadarska ulica,,,,,,
Ivana i Antuna Benko,Ulica Ivana i Antuna Benko,,,,,,
Trg Josipa bana Jelačića,Trg bana Josipa Jelačića,,,,,Q154418,
Glinska,Glinska ulica,,,,,,
Matije Antuna Reljkovića,Ulica Matije Antuna Reljkovića,,,,,Q922478,
Ružmarina,Ulica Ružmarina,,,,,,
Kadulje,Ulica Kadulje,,,,,,
Splitska,Splitska ulica,,,,,Q1663,
"""nema imena"" Šolići",Šolići,,,,,,
Ob. hr. čas. Senada Župan,Obala hrvatskog časnika Senada Župana,,,,,,
Tribljanska,Tribljanska ulica,,,,,,
Ul. Mije Muzeke,Ulica Mije Muzeke,,,,,,
Savska Cesta,Savska cesta,,,,,,
"""Nema imena"" Dalmatinska",Dalmatinska ulica,,,,,,
"""Nema imena"" Debela dolina",Debela dolina,,,,,,
"""Nema imena"" Labaduša",Labaduša,,,,,,
"""Nema imena"" Mačkov breg",Mačkov breg,,,,,,
"""Nema imena"" Pilusine",Pilusine,,,,,,
"""Nema imena"" Rovištanci",Rovištanci,,,,,,
"""Nema imena"" Supetarska draga",Supetarska draga,,,,,,
"""Nema imena"" Zbjeg",Zbjeg,,,,,,
1. odvojak Turopoljske ul.,1. odvojak Turopoljske ulice,,,,,,
13. divizije,Ulica 13. divizije,,,,,,
13. primorsko - goranske divizije,Ulica 13. primorsko - goranske divizije,,,,,,
132. našičke brigade Hrvatske vojske,Ulica 132. našičke brigade Hrvatske vojske,,,,,,
133. Pukovnije,Ulica 133. Pukovnije,,,,,,
135. baranjske brigade,Ulica 135. baranjske brigade,,,,,,
14. travnja,Ulica 14. travnja,,,,,,
142. brigade,Ulica 142. brigade,,,,,,
143. domobranske pukovnije,Ulica 143. domobranske pukovnije,,,,,,
15. siječnja,Ulica 15. siječnja,,,,,,
15. siječnja 1873.,Ulica 15. siječnja 1873.,,,,,,
154. brigade Hrvatske vojske,Ulica 154. brigade Hrvatske vojske,,,,,,
159. brigade,Ulica 159. brigade,,,,,,
A. Augustinčića,Ulica Antuna Augustinčića,,,,,Q594440,
A. B. Kapitanovića,Ulica A. B. Kapitanovića,,,,,,
A. B. Šimića,Ulica Antuna Branka Šimića,,,,,Q1277590,
A. Cesarca,Ulica Augusta Cesarca,,,,,Q761055,
A. G. Matoš,Antun Gustav Matoš,,,,,Q610015,
A. G. Matoša,Ulica Antuna Gustava Matoša,,,,,Q610015,
A. G. Matoša 1. odvojak,Ulica Antuna Gustava Matoša 1. odvojak,,,,,Q610015,
A. Gustava Matoša,Ulica Antuna Gustava Matoša,,,,,Q610015,
A. Harambašića,Ulica Augusta Harambašića,,,,,Q3436299,
A. K. Miošića,Ulica Andrije Kačića Miošića,,,,,Q511464,
A. M. Reljkovića,Ulica Antuna Matije Reljkovića,,,,,Q922478,
A. M. Relkovića,Ulica Antuna Matije Relkovića,,,,,Q922478,
A. Stepinca,Ulica Alojzija Stepinca,,,,,Q310505,
A. i N. Voršak (Braće Voršak),Ulica A. i N. Voršak,,,,Ulica braće Voršak,,
Abela Lukšića,Ulica Abela Lukšića,,,,,Q318469,
Adalberta Oppitza,Ulica Adalberta Oppitza,,,,,,
Adama Bogičevića,Ulica Adama Bogičevića,,,,,,
Adama Mandrovića,Ulica Adama Mandrovića,,,,,Q12271198,
Adolfa Waldingera,Ulica Adolfa Waldingera,,,,,Q364475,
Agatićeva,Agatićeva ulica,,,,,,
Hrv. mornarice,Ulica Hrvatske mornarice,,,,,Q2349884,
Spinčićeva,Ulica Vjekoslava Spinčića,,,,,Q7938117,
Spinutska,Spinutska ulica,,,,,Q9396986,
Smiljanićeva,Smiljanićeva ulica,,,,,Q20436714,
Solinska,Solinska ulica,,,,,Q642828,
Slavićeva,Slavićeva ulica,,,,,,
Ivaniševićeva,Ulica Drage Ivaniševića,,,,,,
Draganjina,Ulica Vinka Draganje,,,,,,
Rokova,Rokova ulica,,,,,,
Sukoišanska,Sukoišanska ulica,,,,,Q20526926,
Velebitska,Velebitska ulica,,,,,,
1. c. ž. D. r. Milorada Torbarine,Ulica prve civilne žrtve Domovinskog rata Milorada Torbarine,,,,,,
17. buntovnika,Ulica 17 buntovnika,,,,,,
17. travnja,Ulica 17. travnja,,,,,,
18. rujna,Ulica 18. rujna,,,,,,
18. rujna 1991.,Ulica 18. rujna 1991.,,,,,,
19. dalmatinske divizije,Ulica 19. dalmatinske divizije,,,,,,
2. Istarske brigade,Ulica 2. Istarske brigade,,,,,,
2. desni odvojak Školske,2. desni odvojak Školske ulice,,,,,,
2. lijevi odvojak Školske,2. lijevi odvojak Školske ulice,,,,,,
3. desni odvojak Školske,3. desni odvojak Školske ulice,,,,,,
2. odvojak Turopoljske ul.,2. odvojak Turopoljske ulice,,,,,,
204. brigade,Ulica 204. brigade,,,,,Q3508255,
204. vukovarske brigade,Ulica 204. vukovarske brigade,,,,,,
22. lipnja,Ulica 22. lipnja,,,,,Q1858769,
22. lipnja 1941.,Ulica 22. lipnja 1941.,,,,,Q1858769,
22. lipnja 1941. - početak antifašističke borbe hrvatskog naroda,Ulica 22. lipnja 1941.,,,,,Q1858769,
25. ožujka,Ulica 25. ožujka,,,,,,
25. rujna,Ulica 25. rujna,,,,,,
26. divizije,Ulica 26. divizije,,,,,,
29. rujna,Ulica 29. rujna,,,,,,
3. travnja,Ulica 3. travnja,,,,,,
30. Svibnja,Ulica 30. svibnja,,,,,Q449367,
30. svibnja,Ulica 30. svibnja,,,,,Q449367,
30. svibnja 1990.,Ulica 30. svibnja 1990.,,,,,Q449367,
4. gardijske,Ulica 4. gardijske,,,,,,
4. ožujka,Ulica 4. ožujka,,,,,,
4. studenog 1991.,Ulica 4. studenog 1991.,,,,,Q663501,
52. samostalnog bataljuna,Ulica 52. samostalnog bataljuna,,,,,,
6. kolovoza,Ulica 6. kolovoza,,,,,,
7. domobranske pukovnije,Ulica 7. domobranske pukovnije,,,,,,
7. domobranske pukovnije HV,Ulica 7. domobranske pukovnije HV,,,,,,
7. gardijske,Ulica 7. gardijske,,,,,,
72. bojne vojne policije,Ulica 72. bojne vojne policije,,,,,,
77. samostalnog bataljuna ZNG,Ulica 77. samostalnog bataljuna ZNG,,,,,,
8. ožujka,Ulica 8. ožujka,,,,,,
84. gardijske bojne,Ulica 84. gardijske bojne,,,,,,
9. rujna,Ulica 9. rujna,,,,,,
9. svibnja,Ulica 9. svibnja,,,,,,
Abranska,Abranska ulica,,,,,,
Adamićeva,Adamićeva ulica,,,,,Q3615815,
Adamova,Adamova ulica,,,,,Q312635,
Alberta Fortisa,Ulica Alberta Fortisa,,,,,,
Alberta Halera,Ulica Alberta Halera,,,,,,
Alda Colonnella,Ulica Alda Colonnella,,,,,,
Aleksandra Curavića,Ulica Aleksandra Curavića,,,,,,
Aleksandra Katića,Ulica Aleksandra Katića,,,,,,
Aleksandra Majdera,Ulica Aleksandra Majdera,,,,,,
Aleksandra Mamića,Ulica Aleksandra Mamića,,,,,,
Aleksandra Ugalije,Ulica Aleksandra Ugalije,,,,,,
Alekse Benigara,Ulica Alekse Benigara,,,,,,
Alessandra Manzonia,Ulica Alessandra Manzonia,,,,,,
Alfira Ivice Baždarića,Ulica Alfira Ivice Baždarića,,,,,,
Alfonsa Pavića,Ulica Alfonsa Pavića,,,,,,
Alfreda Hilla,Ulica Alfreda Hilla,,,,,,
Alfreda Krupe,Ulica Alfreda Krupe,,,,,,
Aljinovića,Aljinovića ulica,,,,,,
Alkarska,Alkarska ulica,,,,,,
Alojza Stepinca,Ulica Alojza Stepinca,,,,,Q310505,
Alojza Vulinca,Ulica Alojza Vulinca,,,,,,
Alojzija Stepinca,Ulica Alojzija Stepinca,,,,,Q310505,
Alvira Franića,Ulica Alvira Franića,,,,,,
Ambroza Haračića,Ulica Ambroza Haračića,,,,,,
Ambroza Vranyczanya,Ulica Ambroza Vranyczanya,,,,,,
Amerikanska,Amerikanska ulica,,,,,,
Amižića,Amižića ulica,,,,,,
Amruševa,Amruševa ulica,,,,,,
Andree Benussia,Ulica Andree Benussia,,,,,,
Andrijaševačka,Andrijaševačka ulica,,,,,,
Andrije Antića,Ulica Andrije Antića,,,,,,
Andrije Habuša,Ulica Andrije Habuša,,,,,,
Andrije Hebranga,Ulica Andrije Hebranga,,,,,,
Andrije K. Miošića,Ulica Andrije Kačića Miošića,,,,,Q511464,
Andrije Kačića,Ulica Andrije Kačića,,,,,Q511464,
Andrije Kačića - Miošića,Ulica Andrije Kačića Miošića,,,,,Q511464,
Andrije Kačića-Miošića,Ulica Andrije Kačića Miošića,,,,,Q511464,
Andrije Konca,Ulica Andrije Konca,,,,,,
Andrije Kršula,Ulica Andrije Kršula,,,,,,
Andrije Lerotića,Ulica Andrije Lerotića,,,,,,
Andrije Lustiga Dade,Ulica Andrije Lustiga Dade,,,,,,
Andrije Matijaša-Pauka,Ulica Andrije Matijaša-Pauka,,,,,,
Andrije Medulića,Ulica Andrije Medulića,,,,,,
Andrije Mohorovičića,Ulica Andrije Mohorovičića,,,,,,
Andrije Palmovića,Ulica Andrije Palmovića,,,,,,
Andrije Petračića,Ulica Andrije Petračića,,,,,,
Andrije Petračića desni odvojak I,Ulica Andrije Petračića desni odvojak I,,,,,,
Andrije Petračića lijevi odvojak I,Ulica Andrije Petračića lijevi odvojak I,,,,,,
Andrije Pirnata,Ulica Andrije Pirnata,,,,,,
Andrije Šermana,Ulica Andrije Šermana,,,,,,
Andrije Štampara,Ulica Andrije Štampara,,,,,,
Andrije Štangera,Ulica Andrije Štangera,,,,,,
Glavna,Glavna ulica,,,,,,
Osječka,Osječka ulica,,,,,,
Dubrovačka,Dubrovačka ulica,,,,,,
Savska,Savska ulica,,,,,,
Josipa Juraja Strossmayera,Ulica Josipa Juraja Strossmayera,,,,,Q434257,
Antuna Gustava Matoša,Ulica Antuna Gustava Matoša,,,,,Q610015,
Vinkovačka,Vinkovačka ulica,,,,,,
V. Nazora,Ulica Vladimira Nazora,,,,,,
Čakovečka,Čakovečka ulica,,,,,,
Ivana Meštrovića,Ulica Ivana Meštrovića,,,,,,
Ulica Bana Josipa Jelačića,Ulica bana Josipa Jelačića,,,,,Q154418,
Pavla Radića,Ulica Pavla Radića,,,,,,
Marka Marulića,Ulica Marka Marulića,,,,,,
Augusta Cesarca,Ulica Augusta Cesarca,,,,,,
Zrinska,Zrinska ulica,,,,,,
Omladinska,Omladinska ulica,,,,,,
Gajeva,Gajeva ulica,,,,,,
Požeška,Požeška ulica,,,,,,
Ulica Petra Krešimira IV,Ulica Petra Krešimira IV.,,,,,,
Kralja Petra Krešimira IV,Ulica kralja Petra Krešimira IV.,,,,,,
Hercegovačka,Hercegovačka ulica,,,,,,
Žrtava fašizma,Ulica žrtava fašizma,,,,,,
Slavonska,Slavonska ulica,,,,,,
Baruna Trenka,Ulica baruna Trenka,,,,,,
Mostarska,Mostarska ulica,,,,,,
Domovinskog rata,Ulica Domovinskog rata,,,,,,
Koprivnička,Koprivnička ulica,,,,,,
Matice hrvatske,Ulica Matice hrvatske,,,,,,
Krste Frankopana,Ulica Krste Frankopana,,,,,,
Ul. 1.,Ulica 1,,,,,,
Ul. 1. dalmatinskog sabora,Ulica 1. dalmatinskog sabora,,,,,,
Ul. 1. Gardijska Brigada,Ulica 1. gardijske brigade,,,,,,
Ul. 1. svibnja,Ulica 1. svibnja,,,,,,
Ul. 112. brigade,Ulica 112. brigade,,,,,,
Ul. 113. šib. brigade HV,Ulica 113. šibenske brigade HV,,,,,,
Ul. 2.,Ulica 2,,,,,,
Ul. 27. Februara,Ulica 27. februara,,,,,,
Ul. 3.,Ulica 3,,,,,,
Ul. 4.,Ulica 4,,,,,,
Ul. 55. samostalnog bataljuna HV-a,Ulica 55. samostalnog bataljuna HV-a,,,,,,
Ul. 8. marta,Ulica 8. marta,,,,,,
Ul. 8. udarne dalmat. brigade,Ulica 8. udarne dalmatinske brigade,,,,,,
Ul. A. Branka Šimića,Ulica Antuna Branka Šimića,,,,,,
Ul. A. G. Matoša,Ulica Antuna Gustava Matoša,,,,,,
Ul. admirala Jakova Šubića od Cezana,Ulica admirala Jakova Šubića od Cezana,,,,,,
Ul. Adolfa Waldingera,Ulica Adolfa Waldingera,,,,,,
Ul. Alojzija Stepinca,Ulica Alojzija Stepinca,,,,,,
Ul. Andrije Hebranga,Ulica Andrije Hebranga,,,,,,
Ul. Andrije K. Miošića,Ulica Andrije Kačića Miošića,,,,,,
Ul. Ante Kovačića,Ulica Ante Kovačića,,,,,,
Ul. Ante Pedića,Ulica Ante Pedića,,,,,,
Ul. Ante Starčevića,Ulica Ante Starčevića,,,,,,
Ul. Antona Glasnovića,Ulica Antona Glasnovića,,,,,,
Ul. Antuna Augustinčića,Ulica Antuna Augustinčića,,,,,,
Ul. Antuna Branka Šimića,Ulica Antuna Branka Šimića,,,,,,
Ul. Antuna Gustava Matoša,Ulica Antuna Gustava Matoša,,,,,,
Ul. Antuna Kovačića,Ulica Antuna Kovačića,,,,,,
Ul. Antuna Mihanovića,Ulica Antuna Mihanovića,,,,,,
Ul. Augusta Cesarca,Ulica Augusta Cesarca,,,,,,
Ul. Augusta Šenoe,Ulica Augusta Šenoe,,,,,,
Ul. b. Ćirila i Metoda,Ulica braće Ćirila i Metoda,,,,,,
Ul. b. Josipa Jelačića,Ulica bana Josipa Jelačića,,,,,Q154418,
Ul. bana Ivana Mažuranića,Ulica bana Ivana Mažuranića,,,,,,
Ul. bana J. Jelačića,Ulica bana Josipa Jelačića,,,,,Q154418,
Ul. bana Jelačića,Ulica bana Jelačića,,,,,Q154418,
Ul. Bana Jelačića,Ulica bana Jelačića,,,,,Q154418,
Ul. bana Josipa Jelačić,Ulica bana Josipa Jelačića,,,,,Q154418,
Ul. bana Josipa Jelačića,Ulica bana Josipa Jelačića,,,,,Q154418,
Ul. Barice Labaš,Ulica Barice Labaš,,,,,,
Ul. Bartola Kašića,Ulica Bartola Kašića,,,,,,
Ul. Bartula Kašića,Ulica Bartula Kašića,,,,,,
Ul. baruna Vjenceslava Lilienberga,Ulica baruna Vjenceslava Lilienberga,,,,,,
Ul. Belote Dobronića,Ulica Belote Dobronića,,,,,,
Ul. Benedikta Mišolića,Ulica Benedikta Mišolića,,,,,,
Ul. Bernarda Vukasa,Ulica Bernarda Vukasa,,,,,,
Ul. Bilogorska,Ulica Bilogorska,,,,,,
Ul. biskupa G. Ninskog,Ulica biskupa Grgura Ninskog,,,,,,
Ul. biskupa Mihe Pušića,Ulica biskupa Mihe Pušića,,,,,,
Ul. Biskupa Teodozija,Ulica biskupa Teodozija,,,,,,
Ul. blaženog Alojzija Stepinca,Ulica blaženog Alojzija Stepinca,,,,,,
Ul. Borisa Čuline,Ulica Borisa Čuline,,,,,,
Ul. braće Andrijića,Ulica braće Andrijića,,,,,,
Ul. braće Fabijanića,Ulica braće Fabijanića,,,,,,
Ul. Braće Radić,Ulica braće Radić,,,,,,
Ul. braće Radića,Ulica braće Radića,,,,,,
Ul. Branka Klapana,Ulica Branka Klapana,,,,,,
Ul. Bribirskih knezova,Ulica Bribirskih knezova,,,,,,
Ul. Brune Bušića,Ulica Brune Bušića,,,,,,
Ul. Cesarićeva,Cesarićeva ulica,,,,,,
Ul. Čista Mala,Čista Mala,,,,,,
Ul. Crvena luka,Ulica Crvena luka,,,,,,
Ul. Dalmatinska,Dalmatinska ulica,,,,,,
Ul. Davora Zubčića,Ulica Davora Zubčića,,,,,,
Ul. Dinarska,Dinarska ulica,,,,,,
Ul. Dinka Šimunovića,Ulica Dinka Šimunovića,,,,,,
Ul. Dmitra Zvonimira,Ulica Dmitra Zvonimira,,,,,,
Ul. Dobriše Cesarića,Ulica Dobriše Cesarića,,,,,,
Ul. Doljani,Doljani,,,,,,
Ul. Domovinske zahvalnosti,Ulica Domovinske zahvalnosti,,,,,,
Ul. don Ante J. Police,Ulica don Ante Juričeva Police,,,,,,
Ul. Don Ante Matacina,Ulica don Ante Matacina,,,,,,
Ul. don Ante Šoše,Ulica don Ante Šoše,,,,,,
Ul. don Filipa Mandarića,Ulica don Filipa Mandarića,,,,,,
Ul. don Ivana Zorice,Ulica don Ivana Zorice,,,,,,
Ul. don Luke Jelića,Ulica don Luke Jelića,,,,,,
Ul. don M. Klarića,Ulica don Mate Klarića,,,,,,
Ul. don Pave Zankija,Ulica don Pave Zankija,,,,,,
Ul. Don Pave Zankija,Ulica don Pave Zankija,,,,,,
Ul. don Rade Rilova,Ulica don Rade Rilova,,,,,,
Ul. don Stjepana Matkova,Ulica don Stjepana Matkova,,,,,,
Ul. don Stjepana Surića,Ulica don Stjepana Surića,,,,,,
Ul. don. Kaže Perkovića,Ulica don Kaže Perkovića,,,,,,
Ul. Donata Fabijanića,Ulica Donata Fabijanića,,,,,,
Ul. Dore Pejačević,Ulica Dore Pejačević,,,,,,
Ul. dr. A. Starčevića,Ulica doktora Ante Starčevića,,,,,,
Ul. dr. Andrije Hebranga,Ulica doktora Andrije Hebranga,,,,,,
Ul. dr. Ante Starčevića,Ulica doktora Ante Starčevića,,,,,,
Ul. dr. Blaža Jurišića,Ulica doktora Blaža Jurišića,,,,,,
Ul. Dr. Franje Tuđmana,Ulica doktora Franje Tuđmana,,,,,,
Ul. dr. Snjegovoja,Ulica doktora Snjegovoja,,,,,,
Ul. dr. Vlatka Mačeka,Ulica doktora Vlatka Mačeka,,,,,,
Ul. dr. Z. Benčevića,Ulica doktora Zvonimira Benčevića,,,,,,
Ul. Drage Kolarića,Ulica Drage Kolarića,,,,,,
Ul. Dragutina Boranića,Ulica Dragutina Boranića,,,,,,
Ul. Dragutina Domjanića,Ulica Dragutina Domjanića,,,,,,
Ul. Dragutina Tadijanovića,Ulica Dragutina Tadijanovića,,,,,,
Ul. Dravska,Dravska ulica,,,,,,
Ul. Dubrovačka,Dubrovačka ulica,,,,,,
Ul. Dudić,Ulica Dudić,,,,,,
Ul. Dujasa Babića,Ulica Dujasa Babića,,,,,,
Ul. Eugena Kumičića,Ulica Eugena Kumičića,,,,,,
Ul. f. A. Kačića - Miošića,Ulica fra Andrije Kačića Miošića,,,,,,
Ul. Ferde Livadića,Ulica Ferde Livadića,,,,,,
Ul. fra A. Kambera,Ulica fra Anselma Kambera,,,,,,
Ul. fra Ivana Markov.,Ulica fra Ivana Markovića,,,,,,
Ul. fra Lina Pedišića,Ulica fra Lina Pedišića,,,,,,
Ul. Fra Serafina Raića,Ulica fra Serafina Raića,,,,,,
Ul. fra Tome Babića,Ulica fra Tome Babića,,,,,,
Ul. Frane Kršinića,Ulica Frane Kršinića,,,,,,
Ul. Franje Račkog,Ulica Franje Račkog,,,,,,
Ul. gardijskih brigada,Ulica gardijskih brigada,,,,,,
Ul. Glama,Ulica Glama,,,,,,
Ul. Gojka Šuška,Ulica Gojka Šuška,,,,,,
Ul. Gospe Karmelske,Ulica Gospe Karmelske,,,,,,
Ul. Gospe Letničke,Ulica Gospe Letničke,,,,,,
Ul. Gospe od mira,Ulica Gospe od mira,,,,,,
Ul. Gospićka,Gospićka ulica,,,,,,
Ul. Grabarska,Grabarska ulica,,,,,,
Ul. Grada Otočca,Ulica grada Otočca,,,,,,
Ul. Gradišćanskih Hrvata,Ulica gradišćanskih Hrvata,,,,,,
Ul. Greda,Ulica Greda,,,,,,
Ul. Grgura Ninskog,Ulica Grgura Ninskog,,,,,,
Ul. Grubišnog Polja,Ulica Grubišnog Polja,,,,,,
Ul. Gustava Krkleca,Ulica Gustava Krkleca,,,,,,
Ul. Hanibala Lucića,Ulica Hanibala Lucića,,,,,,
Ul. Hrv. mladeži,Ulica Hrvatske mladeži,,,,,,
Ul. hrvatskih branitelja,Ulica hrvatskih branitelja,,,,,,
Ul. Hrvatskih redarstvenika,Ulica hrvatskih redarstvenika,,,,,,
Ul. Hrvatskih velikana,Ulica hrvatskih velikana,,,,,,
Ul. Hrvatskih vladara,Ulica hrvatskih vladara,,,,,,
Ul. Hrvatskog Sabora,Ulica Hrvatskog sabora,,,,,,
Ul. Hrvatskog sabora,Ulica Hrvatskog sabora,,,,,,
Ul. I. Brlić Mažuranić,Ulica Ivane Brlić Mažuranić,,,,,,
Ul. I. G. Kovačića,Ulica Ivana Gorana Kovačića,,,,,,
Ul. II - put kroz selo,Ulica II,,,,Put kroz selo,,
Ul. III - put škole,Ulica III,,,,Put škole,,
Ul. Ilirskog preporoda,Ulica Ilirskog preporoda,,,,,,
Ul. IV - put groblja,Ulica IV,,,,Put Groblja,,
Ul. IV brigade,Ulica IV. brigade,,,,,,
Ul. Ivana Generalića,Ulica Ivana Generalića,,,,,,
Ul. Ivana Gundulića,Ulica Ivana Gundulića,,,,,,
Ul. Ivana Mažuranića,Ulica Ivana Mažuranića,,,,,,
Ul. Ivana Meštrovića,Ulica Ivana Meštrovića,,,,,,
Ul. Ivana Mirkovića,Ulica Ivana Mirkovića,,,,,,
Ul. Ivana Mršića,Ulica Ivana Mršića,,,,,,
Ul. Ivana Pavla II,Ulica Ivana Pavla II,,,,,,
Ul. Ivana pl. Zajca,Ulica Ivana pl. Zajca,,,,,,
Ul. Ivana Raosa,Ulica Ivana Raosa,,,,,,
Ul. Ivane Brlić Mažuranić,Ulica Ivane Brlić Mažuranić,,,,,,
Ul. Ivaniša Nelipića,Ulica Ivaniša Nelipića,,,,,,
Ul. Ive Andrića,Ulica Ive Andrića,,,,,,
Ul. Ivice Baraba,Ulica Ivice Baraba,,,,,,
Ul. J. Šprljana Akabe,Ulica Josipa Šprljana Akabe,,,,,,
Ul. Jakova Gotovca,Ulica Jakova Gotovca,,,,,,
Ul. Jarak,Ulica Jarak,,,,,,
Ul. Jergana,Ulica Jergana,,,,,,
Ul. Jose Bakić,Ulica Jose Bakić,,,,,,
Ul. Josipa Jurja Strossmayera,Ulica Josipa Jurja Strossmayera,,,,,,
Ul. Josipa Kozarca,Ulica Josipa Kozarca,,,,,,
Ul. Josipa Kraša,Ulica Josipa Kraša,,,,,,
Ul. Josipa Pančića,Ulica Josipa Pančića,,,,,,
Ul. Josipa Runjanina,Ulica Josipa Runjanina,,,,,,
Ul. Jure Crljenka,Ulica Jure Crljenka,,,,,,
Ul. Jure Kaštelana,Ulica Jure Kaštelana,,,,,,
Ul. Jurgena Smidta,Ulica Jurgena Smidta,,,,,,
Ul. Jurja Benzije,Ulica Jurja Benzije,,,,,,
Ul. k. P. Krešimira IV,Ulica kralja Petra Krešimira IV.,,,,,,
Ul. k. Šubića Bribirskih,Ulica knezova Šubića Bribirskih,,,,,,
Ul. kar. dr. A. Stepinca,Ulica kardinala Alojzija Stepinca,,,,,,
Ul. kardinala Alojzija Stepinca,Ulica kardinala Alojzija Stepinca,,,,,,
Ul. kardinala Kuharića,Ulica kardinala Kuharića,,,,,,
Ul. kneza Borne,Ulica kneza Borne,,,,,,
Ul. kneza Branimira,Ulica kneza Branimira,,,,,,
Ul. kneza Domagoja,Ulica kneza Domagoja,,,,,,
Ul. kneza Hrvoja Hrvatinića,Ulica kneza Hrvoja Hrvatinića,,,,,,
Ul. kneza Mislava,Ulica kneza Mislava,,,,,,
Ul. kneza Trpimira,Ulica kneza Trpimira,,,,,,
Ul. kneza Zdeslava,Ulica kneza Zdeslava,,,,,,
Ul. Knezova Bribirskih,Ulica knezova Bribirskih,,,,,,
Ul. komiških iseljenika,Ulica komiških iseljenika,,,,,,
Ul. kralja D. Zvonimira,Ulica kralja Dmitra Zvonimira,,,,,,
Ul. kralja Držislava,Ulica kralja Držislava,,,,,,
Ul. kralja Kolomana,Ulica kralja Kolomana,,,,,,
Ul. kralja P. Svačića,Ulica kralja Petra Svačića,,,,,,
Ul. kralja Petra Krešimira IV,Ulica kralja Petra Krešimira IV.,,,,,,
Ul. kralja Petra Svačića,Ulica kralja Petra Svačića,,,,,,
Ul. kralja Tomislava,Ulica kralja Tomislava,,,,,,
Ul. kralja Tvrtka,Ulica kralja Tvrtka,,,,,,
Ul. kralja Zvonimira,Ulica kralja Zvonimira,,,,,,
Ul. kraljice Jelene,Ulica kraljice Jelene,,,,,,
Ul. Kraljice Jelene,Ulica kraljice Jelene,,,,,,
Ul. Križnog puta,Ulica Križnog puta,,,,,,
Ul. Krste Frankopana,Ulica Krste Frankopana,,,,,,
Ul. Lavoslava Ružičke,Ulica Lavoslava Ružičke,,,,,,
Ul. Ledinka,Ulica Ledinka,,,,,,
Ul. Lile Pejačević,Ulica Lile Pejačević,,,,,,
Ul. Ljudevita Gaja,Ulica Ljudevita Gaja,,,,,,
Ul. Lovre Matačića,Ulica Lovre Matačića,,,,,,
Ul. Luke Botića,Ulica Luke Botića,,,,,,
Ul. Luke i Siniše Brkljače,Ulica Luke i Siniše Brkljače,,,,,,
Ul. Lungo mare,Lungo mare,,,,,,
Ul. Mali Šandrovac,Mali Šandrovac,,,,,,
Ul. Marije Jurić Zagorke,Ulica Marije Jurić Zagorke,,,,,,
Ul. Marina Držića,Ulica Marina Držića,,,,,,
Ul. Marina Getaldića,Ulica Marina Getaldića,,,,,,
Ul. Marka Laura Ruića,Ulica Marka Laura Ruića,,,,,,
Ul. Marka Marulića,Ulica Marka Marulića,,,,,,
Ul. Marka Pejačevića,Ulica Marka Pejačevića,,,,,,
Ul. Marka Pola,Ulica Marka Pola,,,,,,
Ul. Mate Lovraka,Ulica Mate Lovraka,,,,,,
Ul. Mate Parlova,Ulica Mate Parlova,,,,,,
Ul. Matice hrvatske,Ulica Matice hrvatske,,,,,,
Ul. Matije Antuna Reljkovića,Ulica Matije Antuna Reljkovića,,,,,,
Ul. Matije Ljubeka,Ulica Matije Ljubeka,,,,,,
Ul. Mihovila Pavlinovića,Ulica Mihovila Pavlinovića,,,,,,
Ul. Milana Begovića,Ulica Milana Begovića,,,,,,
Ul. Mile Budaka,Ulica Mile Budaka,,,,,,
Ul. Mile Čulina,Ulica Mile Čulina,,,,,,
Ul. Mile Gojsalić,Ulica Mile Gojsalić,,,,,,
Ul. Milutina Cihlara Nehajeva,Ulica Milutina Cihlara Nehajeva,,,,,,
Ul. Miroslava Kraljevića,Ulica Miroslava Kraljevića,,,,,,
Ul. Miroslava Krleže,Ulica Miroslava Krleže,,,,,,
Ul. Mišulinovac,Mišulinovac,,,,,,
Ul. Mojmir,Ulica Mojmir,,,,,,
Ul. Moravskih Toplica,Ulica Moravskih Toplica,,,,,,
Ul. N. Šubića Zrinskog,Ulica Nikole Šubića Zrinskog,,,,,Q467477,
Ul. nar. h. Grge Jankesa,Ulica narodnog heroja Grge Jankesa,,,,,,
Ul. Nikole Portade,Ulica Nikole Portade,,,,,,
Ul. Nikole Šubića,Ulica Nikole Šubića,,,,,,
Ul. Nikole Šubića Zrinskog,Ulica Nikole Šubića Zrinskog,,,,,Q467477,
Ul. Nikole Tesle,Ulica Nikole Tesle,,,,,,
Ul. Nikole Turkalja,Ulica Nikole Turkalja,,,,,,
Ul. Nikole Valentića,Ulica Nikole Valentića,,,,,,
Ul. Nikole Zrinskog,Ulica Nikole Zrinskog,,,,,Q467477,
Ul. Nikole Zrinskoga,Ulica Nikole Zrinskoga,,,,,Q467477,
Ul. Norilj,Ulica Norilj,,,,,,
Ul. Orišje,Ulica Orišje,,,,,,
Ul. Otona Ivekovića,Ulica Otona Ivekovića,,,,,,
Ul. P. Zoranića,Ulica Petra Zoranića,,,,,,
Ul. Pavla R. Vitezovića,Ulica Pavla Rittera Vitezovića,,,,,,
Ul. Pavla Štoosa,Ulica Pavla Štoosa,,,,,,
Ul. Pešćine,Ulica Pešćine,,,,,,
Ul. Petka,Ulica Petka,,,,,,
Ul. Petra Grubonića,Ulica Petra Grubonića,,,,,,
Ul. Petra Hektorovića,Ulica Petra Hektorovića,,,,,,
Ul. Petra Krešimira,Ulica Petra Krešimira,,,,,,
Ul. Petra Rumore,Ulica Petra Rumore,,,,,,
Ul. Petra Zoranića,Ulica Petra Zoranića,,,,,,
Ul. Petra Zrinskog,Ulica Petra Zrinskog,,,,,Q508799,
Ul. popova vlaka,Popova vlaka,,,,,,
Ul. Pridraških iseljenika,Ulica pridraških iseljenika,,,,,,
Ul. Pridraških urara,Ulica pridraških urara,,,,,,
Ul. Pridraškog kamena,Ulica pridraškog kamena,,,,,,
Ul. put Čulina,Put Čulina,,,,,,
Ul. put Klapana,Put Klapana,,,,,,
Ul. put kule,Put kule,,,,,,
Ul. put Lalića,Put Lalića,,,,,,
Ul. Put Primorja,Put Primorja,,,,,,
Ul. put Priske,Put Priske,,,,,,
Ul. put Vrulje,Put Vrulje,,,,,,
Ul. Ranka Baraba,Ulica Ranka Baraba,,,,,,
Ul. rijeke Čikole,Ulica rijeke Čikole,,,,,,
Ul. rijeke Jadro,Ulica rijeke Jadro,,,,,,
Ul. Rimski put,Rimski put,,,,,,
Ul. Rudeka Sutlara,Ulica Rudeka Sutlara,,,,,,
Ul. Ruđera Boškovića,Ulica Ruđera Boškovića,,,,,Q310757,
Ul. Rudjera Boškovića,Ulica Rudjera Boškovića,,,,,Q310757,
Ul. S. S. Kranjčevića,Ulica Silvija Strahimira Kranjčevića,,,,,Q470704,
Ul. Sabunike I,Sabunike I,,,,,,
Ul. Sabunike II,Sabunike II,,,,,,
Ul. Sabunike III,Sabunike III,,,,,,
Ul. Sabunike IV,Sabunike IV,,,,,,
Ul. Sabunike V,Sabunike V,,,,,,
Ul. Sabunike VI,Sabunike VI,,,,,,
Ul. Sabunike VII,Sabunike VII,,,,,,
Ul. satnika Ivana Pleića,Ulica satnika Ivana Pleića,,,,,,
Ul. Sedme domobranske,Ulica Sedme domobranske,,,,,,
Ul. sestara Klarisa,Ulica sestara Klarisa,,,,,,
Ul. Šime Dešpalja,Ulica Šime Dešpalja,,,,,,
Ul. Slave Raškaj,Ulica Slave Raškaj,,,,,,
Ul. Slavka Kolara,Ulica Slavka Kolara,,,,,,
Ul. Špire Brusine,Ulica Špire Brusine,,,,,,
Ul. Štefana Števika,Ulica Štefana Števika,,,,,,
Ul. Stjepana Čemera,Ulica Stjepana Čemera,,,,,,
Ul. Stjepana Štrosa,Ulica Stjepana Štrosa,,,,,,
Ul. Šubića Bribirskih,Ulica Šubića Bribirskih,,,,,,
Ul. Šubićeva,Šubićeva ulica,,,,,,
Ul. Sutlanske doline,Ulica Sutlanske doline,,,,,,
Ul. sv. Ambroza,Ulica svetog Ambroza,,,,,,
Ul. sv. Ane,Ulica svete Ane,,,,,,
Ul. sv. Donata,Ulica svetog Donata,,,,,,
Ul. sv. Florijana,Ulica svetog Florijana,,,,,,
Ul. sv. Ivana,Ulica svetog Ivana,,,,,,
Ul. sv. Jerolima,Ulica svetog Jerolima,,,,,,
Ul. sv. Josipa radnika,Ulica svetog Josipa radnika,,,,,,
Ul. sv. Katarine,Ulica svete Katarine,,,,,,
Ul. sv. Leopolda Mandića,Ulica svetog Leopolda Mandića,,,,,,
Ul. sv. Martina,Ulica svetog Martina,,,,,,
Ul. sv. Mihovila,Ulica svetog Mihovila,,,,,,
Ul. sv. N. Tavelića,Ulica svetog Nikole Tavelića,,,,,,
Ul. sv. Nediljice,Ulica svete Nediljice,,,,,,
Ul. sv. Roka,Ulica svetog Roka,,,,,,
Ul. svete Katarine,Ulica svete Katarine,,,,,,
Ul. Svete Marije,Ulica svete Marije,,,,,,
Ul. svete Stošije,Ulica svete Stošije,,,,,,
Ul. svetog Ivana,Ulica svetog Ivana,,,,,,
Ul. svetog Jeronima,Ulica svetog Jeronima,,,,,,
Ul. Teodora Pejačevića,Ulica Teodora Pejačevića,,,,,,
Ul. Tina Ujevića,Ulica Tina Ujevića,,,,,,
Ul. Trogirska,Trogirska ulica,,,,,,
Ul. V - gornji muli,Ulica V,,,,Gornji muli,,
Ul. Valtera Zubčića,Ulica Valtera Zubčića,,,,,,
Ul. Vaska Lipovca,Ulica Vaska Lipovca,,,,,,
Ul. Velike Kapele,Ulica Velike Kapele,,,,,,
Ul. VI - strane,Ulica VI,,,,Strane,,
Ul. Vidove gore,Ulica Vidove gore,,,,,,
Ul. VII - zap. obala,Ulica VII,,,,Zapadna obala,,
Ul. VII domobranske,Ulica VII. domobranske,,,,,,
Ul. Vinogradska I,Vinogradska ulica I,,,,,,
Ul. Vinogradska II,Vinogradska ulica II,,,,,,
Ul. Viškog skupa,Ulica Viškog skupa,,,,,,
Ul. Vjekoslava Klaića,Ulica Vjekoslava Klaića,,,,,,
Ul. Vjenceslava Novaka,Ulica Vjenceslava Novaka,,,,,,
Ul. Vlahe Bukovca,Ulica Vlahe Bukovca,,,,,,
Ul. Zekana,Ulica Zekana,,,,,,
Ul. Zlatka Balokovića,Ulica Zlatka Balokovića,,,,,,
Ul. Zrinskih i Frankopana,Ulica Zrinskih i Frankopana,,,,,,
Ul. Zrinsko-Frankopanska,Ulica Zrinsko-frankopanska,,,,,,
Ul. žrtava Domov. rata,Ulica žrtava Domovinskog rata,,,,,,
Ul. Žrtava fašizma,Ulica žrtava fašizma,,,,,,
Ul. Župana Godečaja,Ulica župana Godečaja,,,,,,
Miroslava Krleže,Ulica Miroslava Krleže,,,,,,
Dobriše Cesarića,Ulica Dobriše Cesarića,,,,,,
Ulica Mirka Miočića hrvatskog erudita i enigmata (1956-2017),Ulica Mirka Miočića,,,,,,
Istarska ulica - Via dell'Istria,Istarska ulica,,Via dell'Istria,,,,
Đure Basaričeka,Ulica Đure Basaričeka,,,,,,
Kralja Dmitra Zvonimira,Ulica kralja Dmitra Zvonimira,,,,,,
Goranska,Goranska ulica,,,,,,
Karlovačka,Karlovačka ulica,,,,,,
Brune Bušića,Ulica Brune Bušića,,,,,Q993124,
Mate Balote,Ulica Mate Balote,,,,,Q6786326,
Supilova,Ulica Frana Supila,,,,,Q692107,
Psunjska,Psunjska ulica,,,,,,
Svetog Roka,Ulica svetog Roka,,,,,,
Đakovačka,Đakovačka ulica,,,,,,
Mate Lovraka,Ulica Mate Lovraka,,,,,,
Palih boraca,Ulica palih boraca,,,,,,
Ulica Dr. Franje Tuđmana,Ulica doktora Franje Tuđmana,,,,,,
Borisa Kidriča,Ulica Borisa Kidriča,,,,,Q192041,
Bana Ivana Mažuranića,Ulica bana Ivana Mažuranića,,,,,,
Slavka Kolara,Ulica Slavka Kolara,,,,,,
Mihovila Pavleka Miškine,Ulica Mihovila Pavleka Miškine,,,,,,
Šandora Petefija,Ulica Šandora Petefija,,,,,,
Marina Držića,Ulica Marina Držića,,,,,,
Martina Divalta,Ulica Martina Divalta,,,,,,
Voćarska,Voćarska ulica,,,,,,
Planinska,Planinska ulica,,,,,,
Kralja Petra Svačića,Ulica kralja Petra Svačića,,,,,,
Mihanovićeva,Ulica Antuna Mihanovića,,,,,,
Antuna Matije Reljkovića,Ulica Antuna Matije Reljkovića,,,,,,
Vuka Karadžića,Ulica Vuka Karadžića,,,,,,
Ivana Pavla II,Ulica Ivana Pavla II.,,,,,,
Ulica kralja Petra Krešimira IV,Ulica kralja Petra Krešimira IV.,,,,,,
Republike,Ulica Republike,,,,,,
Križnog puta,Ulica Križnog puta,,,,,,
Duga,Duga ulica,,,,,,
Jakova Gotovca,Ulica Jakova Gotovca,,,,,,
Ulica Bana Jelačića,Ulica bana Jelačića,,,,,,
Zvonimirova,Zvonimirova ulica,,,,,,
P. Preradovića,Ulica Petra Preradovića,,,,,,
Ulica Ivana Pavla II,Ulica Ivana Pavla II.,,,,,,
Ludbreška,Ludbreška ulica,,,,,,
Franje Račkog,Ulica Franje Račkog,,,,,,
Donja Batina Zl.,Donja Batina,,,,,,
Ulica sv. Barbare,Ulica svete Barbare,,,,,,
Otona Kučere,Ulica Otona Kučere,,,,,,
Franje Kuhača,Ulica Franje Kuhača,,,,,,
Antuna Branka Šimića,Ulica Antuna Branka Šimića,,,,,,
Antuna Radića,Ulica Antuna Radića,,,,,,
Zrinjsko-Frankopanska,Ulica Zrinjsko-frankopanska,,,,,,
Podravska,Podravska ulica,,,,,,
Braće Gojak,Ulica braće Gojak,,,,,,
Našička,Našička ulica,,,,,,
Kupska,Kupska ulica,,,,,,
Ulica sv. Vida,Ulica svetog Vida,,,,,,
Murska,Murska ulica,,,,,,
Mirogojska,Mirogojska ulica,,,,,,
Moslavačka,Moslavačka ulica,,,,,,
Sv. Nikole,Ulica svetog Nikole,,,,,,
Ulica Braće Radića,Ulica braće Radića,,,,,,
S. S. Kranjčevića,Ulica Silvija Strahimira Kranjčevića,,,,,Q470704,
Plitvička,Plitvička ulica,,,,,,
Crkvena,Crkvena ulica,,,,,,
Strossmayerova,Strossmayerova ulica,,,,,,
Bosanska,Bosanska ulica,,,,,,
Ulica sv. Ane,Ulica svete Ane,,,,,,
Jurja Dalmatinca,Ulica Jurja Dalmatinca,,,,,,
Ražinska,Ražinska ulica,,,,,,
Savezne Republike Njemačke,Ulica Savezne Republike Njemačke,,,,,,
Krešimirova,Krešimirova ulica,,,,,,
Novoselska,Novoselska ulica,,,,,,
Stanka Vraza,Ulica Stanka Vraza,,,,,,
Vijeća Europe,Ulica Vijeća Europe,,,,,,
Sv. Martina,Ulica svetog Martina,,,,,,
Valpovačka,Valpovačka ulica,,,,,,
Fruškogorska,Fruškogorska ulica,,,,,,
Biskupa Antuna Mandića,Ulica biskupa Antuna Mandića,,,,,,
Ljudevita Posavskog,Ulica Ljudevita Posavskog,,,,,,
Josipa bana Jelačića,Ulica Josipa bana Jelačića,,,,,,
J. Bajkovca,Ulica Josipa Bajkovca,,,,,,
Josipa Jelačića,Ulica Josipa Jelačića,,,,,Q154418,
Ive Marinkovića,Ulica Ive Marinkovića,,,,,,
Mornarska,Mornarska ulica,,,,,,
K. Tomislava,Ulica kralja Tomislava,,,,,,
Đure Đakovića,Ulica Đure Đakovića,,,,,,
Daruvarska,Daruvarska ulica,,,,,,
Selska,Selska ulica,,,,,,
Marije Jurić Zagorke,Ulica Marije Jurić Zagorke,,,,,,
Rudarska,Rudarska ulica,,,,,,
Industrijska,Industrijska ulica,,,,,,
Ratarska,Ratarska ulica,,,,,,
Vlahe Bukovca,Ulica Vlahe Bukovca,,,,,,
Put Dr. Ante Starčevića,Put doktora Ante Starčevića,,,,,,
Žrtava Domovinskog rata,Ulica žrtava Domovinskog rata,,,,,,
Grgura Karlovčana,Ulica Grgura Karlovčana,,,,,,
Obala kralja Petra Krešimira IV,Obala kralja Petra Krešimira IV.,,,,,,
Kneza Lj. Posavskog,Ulica kneza Ljudevita Posavskog,,,,,,
Ulica sv. Jurja,Ulica svetog Jurja,,,,,,
Bana Josipa Šokčevića,Ulica bana Josipa Šokčevića,,,,,,
Ulica Kardinala Alojzija Stepinca,Ulica kardinala Alojzija Stepinca,,,,,,
Ulica sv. Mihovila,Ulica svetog Mihovila,,,,,,
Hrvatske nezavisnosti,Ulica Hrvatske nezavisnosti,,,,,,
Ulica Šamačka,Šamačka ulica,,,,,,
Čepinska,Čepinska ulica,,,,,,
Borinačka,Borinačka ulica,,,,,,
Matije Antuna Relkovića,Ulica Matije Antuna Relkovića,,,,,,
Put sv. Ante,Put svetog Ante,,,,,,
Kamenita,Kamenita ulica,,,,,,
Ilirska,Ilirska ulica,,,,,,
Ulica Vrbskih žrtava,Ulica vrbskih žrtava,,,,,,
Vinodolska,Vinodolska ulica,,,,,,
Petra Biškupa - Vene,Ulica Petra Biškupa – Vene,,,,,,
Zrinskih i Frankopana,Ulica Zrinskih i Frankopana,,,,,,
Ulica Vinogradska,Vinogradska ulica,,,,,,
Joze Ivakića,Ulica Joze Ivakića,,,,,,
Matije Ivanića,Ulica Matije Ivanića,,,,,,
Vladka Mačeka,Ulica Vladka Mačeka,,,,,,
Ulica Kneza Domagoja,Ulica kneza Domagoja,,,,,,
Ulica Črnomerec,Črnomerec,,,,,,
Vozarica-Vik. Naselje,Vozarica,,,,,,
Ive Maline,Ulica Ive Maline,,,,,,
Hrvatskih dragovoljaca,Ulica hrvatskih dragovoljaca,,,,,,
Petra Zoranića,Ulica Petra Zoranića,,,,,,
Rudolfa Strohala,Ulica Rudolfa Strohala,,,,,,
Vase Đurđevića,Ulica Vase Đurđevića,Улица Васе Ђурђевића,,,,,
Kardinala A. Stepinca,Ulica kardinala Alojzija Stepinca,,,,,,
Starogradska,Starogradska ulica,,,,,,
Ulica Hrvatskog državnog Sabora,Ulica Hrvatskog državnog sabora,,,,,,
Ulica sv. Nikole Tavelića,Ulica svetog Nikole Tavelića,,,,,,
Franje Strapača,Ulica Franje Strapača,,,,,,
Orljavska,Orljavska ulica,,,,,,
Rečička,Rečička ulica,,,,,,
Ulica Gornji Andrijevci,Gornji Andrijevci,,,,,,
Grgura Ninskog,Ulica Grgura Ninskog,,,,,,
Dr. Franjo Tuđman,Ulica doktora Franje Tuđmana,,,,,,
I. Ribara Lole,Ulica Ive Ribara Lole,,,,,Q1265884,
Mosorska,Mosorska ulica,,,,,,
Težačka,Težačka ulica,,,,,,
Dragutina Domjanića,Ulica Dragutina Domjanića,,,,,,
M. Gupca,Ulica Matije Gupca,,,,,,
Slave Raškaj,Ulica Slave Raškaj,,,,,,
Ulica Glavna cesta,Glavna cesta,,,,,,https://c.osm.org/t/137215/21
Vinogradarska,Vinogradarska ulica,,,,,,
Zrmanjska,Zrmanjska ulica,,,,,,
Ulica Frankopanska,Frankopanska ulica,,,,,,
Odra-cesta,Odra cesta,,,,,,
Ulica Prvomajska,Prvomajska ulica,,,,,,
Karla Kranjca,Ulica Karla Kranjca,,,,,,
Mijata Stojanovića,Ulica Mijata Stojanovića,,,,,,
Ulica sv. Antuna,Ulica svetog Antuna,,,,,,
Graničarska,Graničarska ulica,,,,,,
Radeki-Polje,Radeki Polje,,,,,,
Novačića Milana,Ulica Milana Novačića,,,,,,
Ivane Brlić-Mažuranić,Ulica Ivane Brlić Mažuranić,,,,,,
Bjelovarska,Bjelovarska ulica,,,,,,
1. istarske čete,Ulica 1. istarske čete,,,,,,
1. gardijske brigade,Ulica 1. gardijske brigade,,,,,,
1. svibnja,Ulica 1. svibnja,,,,,,
105. brigade,Ulica 105. brigade,,,,,,
108. brigade ZNG,Ulica 108. brigade ZNG,,,,,,
108. puka,Ulica 108. puka,,,,,,
112. br HV,Ulica 112. brigade Hrvatske vojske,,,,,,
112. brigade,Ulica 112. brigade,,,,,,
12. rujna 1991.,Ulica 12. rujna 1991.,,,,,,
123. brigade,Ulica 123. brigade,,,,,,
128. brigade HV,Ulica 128. brigade Hrvatske vojske,,,,,,
159. brigade HV - I odvojak,Ulica 159. brigade Hrvatske vojske I. odvojak,,,,,,
159. brigade HV - II odvojak,Ulica 159. brigade Hrvatske vojske II. odvojak,,,,,,
159. brigade HV - III odvojak,Ulica 159. brigade Hrvatske vojske III. odvojak,,,,,,
Akademika Ivana Supeka,Ulica akademika Ivana Supeka,,,,,,
Glagoljaška,Glagoljaška ulica,,,,,,
Giordana Bruna,Ulica Giordana Bruna,,,,,,
Giordana Smolikara,Ulica Giordana Smolikara,,,,,,
Giovannija Del Contea,Ulica Giovannija Del Contea,,,,,,
Giovannija Moisea,Ulica Giovannija Moisea,,,,,,
Giusepine Martinuzzi,Ulica Giuseppine Martinuzzi,,,,,,
Giuseppea Carabina,Ulica Giuseppea Carabina,,,,,,
Giuseppea Duelle,Ulica Giuseppea Duelle,,,,,,
Giuseppea Garibaldija,Ulica Giuseppea Garibaldija,,,,,,
Giuseppea Verdia,Ulica Giuseppea Verdia,,,,,,
Giuseppine Martinuzzi,Ulica Giuseppine Martinuzzi,,,,,,
Getaldićeva,Getaldićeva ulica,,,,,,
Antona Rosovića,Ulica Antona Rosovića,,,,,,
Stubište prof. Ivančića,Stubište profesora Ivančića,,,,,,
Ljube Mrakovčića,Ulica Ljube Mrakovčića,,,,,,
1. desni odvojak Školske,1. desni odvojak Školske ulice,,,,,,
1. lijevi odvojak Školske,1. lijevi odvojak Školske ulice,,,,,,
104. brigade Hrvatske vojske,Ulica 104. brigade Hrvatske vojske,,,,,,
Branimira Grbčića Ice,Ulica Branimira Grbčića Ice,,,,,,
Branimira Markovića,Ulica Branimira Markovića,,,,,,
Branimirova,Branimirova ulica,,,,,,
Branimirova Obala,Branimirova obala,,,,,,
Branislava Nušića,Ulica Branislava Nušića,,,,,,
Branitelja Cerića,Ulica branitelja Cerića,,,,,,
Branitelja Domovinskog rata,Ulica branitelja Domovinskog rata,,,,,,
Branitelja Dubrovnika,Ulica branitelja Dubrovnika,,,,,,
Branka Bertovića,Ulica Branka Bertovića,,,,,,
Branka Blečića,Ulica Branka Blečića,,,,,,
Branka Deškovića,Ulica Branka Deškovića,,,,,,
Branka Fučića,Ulica Branka Fučića,,,,,,
Branka Gavelle,Ulica Branka Gavelle,,,,,,
Branka Ivankovića,Ulica Branka Ivankovića,,,,,,
Branka Jaklića,Ulica Branka Jaklića,,,,,,
Branka Klepača,Ulica Branka Klepača,,,,,,
Branka Kovačevića,Ulica Branka Kovačevića,,,,,,
Branka Laginje,Ulica Branka Laginje,,,,,,
Branka Lustiga,Ulica Branka Lustiga,,,,,,
Branka Radičevića,Ulica Branka Radičevića,,,,,,
Branka Sabolića,Ulica Branka Sabolića,,,,,,
Branka Živkovića,Ulica Branka Živkovića,,,,,,
Branka Župana,Ulica Branka Župana,,,,,,
Bratstva i jedinstva,Ulica bratstva i jedinstva,,,,,,
Braće Andrijića,Ulica braće Andrijića,,,,,,
Braće Antolos,Ulica braće Antolos,,,,,,
Braće Banas,Ulica braće Banas,,,,,,
Braće Baćić,Ulica braće Baćić,,,,,,
Braće Bobetko,Ulica braće Bobetko,,,,,,
Braće Branchetta,Ulica braće Branchetta,,,,,,
Braće Brozičević,Ulica braće Brozičević,,,,,,
Braće Buchoffer,Ulica braće Buchoffer,,,,,,
Braće Car Uračić,Ulica braće Car Uračić,,,,,,
Braće Cetina,Ulica braće Cetina,,,,,,
Braće Cvitan,Ulica braće Cvitan,,,,,,
Braće Diviš,Ulica braće Diviš,,,,,,
Braće dr. Sobol,Ulica braće doktor Sobol,,,,,,
Braće Erdeljac,Ulica braće Erdeljac,,,,,,
Braće Franolić,Ulica braće Franolić,,,,,,
Braće Fućak,Ulica braće Fućak,,,,,,
Braće Hanžek,Ulica braće Hanžek,,,,,,
Braće Horvatić,Ulica braće Horvatić,,,,,,
Braće Ivana i Stjepana Vidulića,Ulica braće Ivana i Stjepana Vidulića,,,,,,
Braće Ivanda,Ulica braće Ivanda,,,,,,
Braće Ivandić,Ulica braće Ivandić,,,,,,
Braće Ivšić,Ulica braće Ivšić,,,,,,
Braće Janeković,Ulica braće Janeković,,,,,,
Braće Janeković odvojak,Ulica braće Janeković odvojak,,,,,,
Braće Juras,Ulica braće Juras,,,,,,
Braće Kaja,Ulica braće Kaja,,,,,,
Braće Kaliterna,Ulica braće Kaliterna,,,,,,
Braće Kanižaj,Ulica braće Kanižaj,,,,,,
Braće Katić,Ulica braće Katić,,,,,,
Braće Kazić,Ulica braće Kazić,,,,,,
Braće Kolarik,Ulica braće Kolarik,,,,,,
Braće Kovačevića,Ulica braće Kovačevića,,,,,,
Braće Košuljandić,Ulica braće Košuljandić,,,,,,
Braće Krunića,Ulica braće Krunića,,,,,,
Braće Lazića,Ulica braće Lazića,,,,,,
Braće Linardić,Ulica braće Linardić,,,,,,
Braće Lučić,Ulica braće Lučić,,,,,,
Braće Martinović,Ulica braće Martinović,,,,,,
Braće Mesarića,Ulica braće Mesarića,,,,,,
Braće Miletić,Ulica braće Miletić,,,,,,
Braće Milih,Ulica braće Milih,,,,,,
Braće Mišljenovića,Ulica braće Mišljenovića,,,,,,
Braće Mohorić,Ulica braće Mohorić,,,,,,
Braće Monjac,Ulica braće Monjac,,,,,,
Braće Nakić,Ulica braće Nakić,,,,,,
Braće Novakovića,Ulica braće Novakovića,,,,,,
Braće Nudića,Ulica braće Nudića,,,,,,
Braće Pavelić,Ulica braće Pavelić,,,,,,
Braće Pavlinić,Ulica braće Pavlinić,,,,,,
Braće Perkovića,Ulica braće Perkovića,,,,,,
Braće Petr,Ulica braće Petr,,,,,,
Braće Plećaša,Ulica braće Plećaša,,,,,,
Braće Polić,Ulica braće Polić,,,,,,
Braće Radića odvojak,Ulica braće Radića odvojak,,,,,,
Braće Ružić,Ulica braće Ružić,,,,,,
Braće Stipčić,Ulica braće Stipčić,,,,,,
Braće Trinajstić,Ulica braće Trinajstić,,,,,,
Braće Trupeljaka,Ulica braće Trupeljaka,,,,,,
Braće Turčić,Ulica braće Turčić,,,,,,
Braće Vajs,Ulica braće Vajs,,,,,,
Braće Vusić,Ulica braće Vusić,,,,,,
Braće Weiss,Ulica braće Weiss,,,,,,
Braće Zrinskih,Ulica braće Zrinskih,,,,,,
Braće Đaković,Ulica braće Đaković,,,,,,
Braće Žagar,Ulica braće Žagar,,,,,,
Bregovita,Bregovita ulica,,,,,,
Bregovita ulica I odvojak,Bregovita ulica I. odvojak,,,,,,
Breljanska,Breljanska ulica,,,,,,
Brestova,Brestova ulica,,,,,,
Breza - Via Bresaz,Breza,,Via Bresaz,,,,
Brezimerova,Brezimerova ulica,,,,,,
Brezina,Brezina ulica,,,,,,
Breznička,Breznička ulica,,,,,,
Breznička I.,Breznička ulica I.,,,,,,
Breznička II.,Breznička ulica II.,,,,,,
Brezovačkog odreda,Ulica Brezovačkog odreda,,,,,,
Brgatska,Brgatska ulica,,,,,,
Bribirska,Bribirska ulica,,,,,,
Brijunska,Brijunska ulica,,,,,,
Brkićeva,Brkićeva ulica,,,,,,
Brodarička,Brodarička ulica,,,,,,
Brodarska,Brodarska ulica,,,,,,
Brodograditelja,Ulica brodograditelja,,,,,,
Brodska,Brodska ulica,,,,,,
Brojska,Brojska ulica,,,,,,
Brsečinska,Brsečinska ulica,,,,,,
Brsečka,Brsečka ulica,,,,,,
Bruna Bušića,Ulica Bruna Bušića,,,,,,
Brune Bušića,Ulica Brune Bušića,,,,,,
Brune Francetića,Ulica Brune Francetića,,,,,,
Brčanska,Brčanska ulica,,,,,,
Brčićka,Brčićka ulica,,,,,,
Budicinova,Budicinova ulica,,,,,,
Budinščina,Budinščina ulica,,,,,,
Budislavićeva,Budislavićeva ulica,,,,,,
Budrovačka,Budrovačka ulica,,,,,,
Budućnosti,Ulica budućnosti,,,,,,
Budvanska,Budvanska ulica,,,,,,
Buićeva,Buićeva ulica,,,,,,
Bukova,Bukova ulica,,,,,,
Bukovačka,Bukovačka ulica,,,,,,
Bukovački ogranak I.,Bukovački ogranak I,,,,,,
Bukovački ogranak II.,Bukovački ogranak II,,,,,,
Bukovački ogranak III.,Bukovački ogranak III,,,,,,
Bukovački ogranak IV.,Bukovački ogranak IV,,,,,,
Bukovečki krč II.,Bukovečki krč II,,,,,,
Bukvina,Bukvina ulica,,,,,,
Bulićeva,Bulićeva ulica,,,,,,
Bune Kmetova,Ulica bune kmetova,,,,,,
Bunjevačka,Bunjevačka ulica,,,,,,
Burićeva,Burićeva ulica,,,,,,
Buroli - Buroli,Buroli,,Buroli,,,,
Buvića Ulica,Buvića ulica,,,,,,
Buzetska,Buzetska ulica,,,,,,
C. s. Bakanka,Crpna stanica Bakanka,,,,,,
Cambierieva,Cambierieva ulica,,,,,,
Cavtatska,Cavtatska ulica,,,,,,
Cehovska,Cehovska ulica,,,,,,
Celestina Medovića,Ulica Celestina Medovića,,,,,,
Cemovićeva,Cemovićeva ulica,,,,,,
Cerićka,Cerićka ulica,,,,,,
Cernička,Cernička ulica,,,,,,
Cesarića Dobriše odv.,Cesarića Dobriše odvojak,,,,,,
Cesarčeva,Cesarčeva ulica,,,,,,
Cesta pape Ivana Pavla II,Cesta pape Ivana Pavla II.,,,,,,
Cesta sv. Ilije,Cesta svetog Ilije,,,,,,
Cesta sv. Ivana,Cesta svetog Ivana,,,,,,
Cesta sv. Josipa,Cesta svetog Josipa,,,,,,
Cesta sv. Jure,Cesta svetog Jure,,,,,,
Cesta sv. Katarine,Cesta svete Katarine,,,,,,
Cesta sv. Nikole,Cesta svetog Nikole,,,,,,
Cesta sv. Stjepana,Cesta svetog Stjepana,,,,,,
Cetinska,Cetinska ulica,,,,,,
Ciglarska,Ciglarska ulica,,,,,,
Ciglenska,Ciglenska ulica,,,,,,
Ciottina,Ciottina ulica,,,,,,
Cirakijeva,Cirakijeva ulica,,,,,,
Civilnih žrtava Domovinskog rata,Ulica civilnih žrtava Domovinskog rata,,,,,,
Corrada Ilijassicha,Ulica Corrada Ilijassicha,,,,,,
Cosmijeva,Cosmijeva ulica,,,,,,
Creska ul.,Creska ulica,,,,,,
Creskog statuta,Ulica Creskog statuta,,,,,,
Crijevićeva,Crijevićeva ulica,,,,,,
Crikvenička,Crikvenička ulica,,,,,,
Crkva sv. Jurja,Crkva svetog Jurja,,,,,,
Crnačka,Crnačka ulica,,,,,,
Crnčićeva,Crnčićeva ulica,,,,,,
Cs Budžak,Crpna stanica Budžak,,,,,,
Cs Gomboš,Crpna stanica Gomboš,,,,,,
Cvetkovačka,Cvetkovačka ulica,,,,,,
Cvetkovića Antuna,Ulica Cvetkovića Antuna,,,,,,
Cvijete Zuzorić,Ulica Cvijete Zuzorić,,,,,,
Cvijetna ulica,Cvjetna ulica,,,,,,
Cvitkovićeva,Cvitkovićeva ulica,,,,,,
Cvitna,Cvitna ulica,,,,,,
Cvjetka Romića,Ulica Cvjetka Romića,,,,,,
Cvjetna I,Cvjetna ulica I,,,,,,
Cvjetna II,Cvjetna ulica II,,,,,,
Cvjetna III,Cvjetna ulica III,,,,,,
D. Brglesa,Ulica Dragutina Brglesa,,,,,,
D. Haluzi,Donji Haluzi,,,,,,
D. Jančići,Donji Jančići,,,,,,
D. Komarevo cesta,Donje Komarevo,,,,,,
D. Orbanići,Donji Orbanići,,,,,,
D. Oštri Vrh Ozaljski,Donji Oštri Vrh Ozaljski,,,,,,
D. Radeke,Donje Radeke,,,,,,
D. Tankovići,Donji Tankovići,,,,,,
D. Šimunovića,Ulica Dinka Šimunovića,,,,,,
Dalibora Defilipisa,Ulica Dalibora Defilipisa,,,,,,
Daljska,Daljska ulica,,,,,,
Dalmatinska ul.,Dalmatinska ulica,,,,,,
Dalmatinskih brigada,Ulica Dalmatinskih brigada,,,,,,
Damira Babuka,Ulica Damira Babuka,,,,,,
Damira Furdija,Ulica Damira Furdija,,,,,,
Dane Rončević,Ulica Dane Rončević,,,,,,
Danice Poljak,Ulica Danice Poljak,,,,,,
Danijela Godine,Ulica Danijela Godine,,,,,,
Danijela Grčića,Ulica Danijela Grčića,,,,,,
Danila Kovačevića,Ulica Danila Kovačevića,,,,,,
Danilska,Danilska ulica,,,,,,
Dantea Alighieria,Ulica Dantea Alighierija,,,,,,
Dantea Alighierija,Ulica Dantea Alighierija,,,,,,
Daria Dujmovića,Ulica Daria Dujmovića,,,,,,
Darka Medanića,Ulica Darka Medanića,,,,,,
Darka Sutarića,Ulica Darka Sutarića,,,,,,
Daruvarska,Daruvarska ulica,,,,,,
Daruvarskog odreda,Ulica Daruvarskog odreda,,,,,,
Davora Grginovića - I odvojak,Ulica Davora Grginovića I. odvojak,,,,,,
Davora Grginovića - II odvojak,Ulica Davora Grginovića II. odvojak,,,,,,
Davora Kokanovića,Ulica Davora Kokanovića,,,,,,
Davorina Trinajstića,Ulica Davorina Trinajstića,,,,,,
Davorina Trstenjaka,Ulica Davorina Trstenjaka,,,,,,
Debeljačke satnije,Ulica Debeljačke satnije,,,,,,
Delinova,Delinova ulica,,,,,,
Delnička,Delnička ulica,,,,,,
Demetrova,Demetrova ulica,,,,,,
Derenčinova,Derenčinova ulica,,,,,,
Deseta ulica - Decima Strada,Deseta ulica,,Decima Strada,,,,
Desinečka,Desinečka ulica,,,,,,
Desinićka ulica,Desinička ulica,,,,,,
Desni odvojak Radničke,Desni odvojak Radničke ulice,,,,,,
Devetnaeste udarne divizije,Ulica Devetnaeste udarne divizije,,,,,,
Dicmo Ercegovci,Ercegovci,,,,,,
Dicmo Kraj,Kraj,,,,,,
Dicmo Krušvar,Krušvar,,,,,,
Dicmo Osoje,Osoje,,,,,,
Dicmo Prisoje,Prisoje,,,,,,
Dicmo Sičane,Sičane,,,,,,
Dicmo Sušci,Sušci,,,,,,
Diljska,Diljska ulica,,,,,,
Dimitrija Demetra,Ulica Dimitrija Demetra,,,,,,
Dinarska ul.,Dinarska ulica,,,,,,
Dinka Dokule,Ulica Dinka Dokule,,,,,,
Dinka Fabrisa,Ulica Dinka Fabrisa,,,,,,
Dinka Ranjine,Ulica Dinka Ranjine,,,,,,
Dinka Trinajstića,Ulica Dinka Trinajstića,,,,,,
Dinka Vitezića,Ulica Dinka Vitezića,,,,,,
Dinka Šimunovića,Ulica Dinka Šimunovića,,,,,,
Dioklecijanova,Dioklecijanova ulica,,,,,,
Dionisija Novakovića,Ulica Dionisija Novakovića,,,,,,
Djurdjenovačka ulica,Đurđenovačka ulica,,,,,,
Dmine Papalića,Ulica Dmine Papalića,,,,,,
Dobričićeva,Dobričićeva ulica,,,,,,
Dobrodolačka,Dobrodolačka ulica,,,,,,
Dojranska,Dojranska ulica,,,,,,
Doktora Franje Tuđmana,Ulica doktora Franje Tuđmana,,,,,,
Doktora Ivana Ribara,Ulica doktora Ivana Ribara,,,,,,
Dolačka,Dolačka ulica,,,,,,
Dolenska,Dolenska ulica,,,,,,
Domagojeva,Domagojeva ulica,,,,,,
Domilijina,Domilijina ulica,,,,,,
Dominika Skopinića,Ulica Dominika Skopinića,,,,,,
Dominisova,Dominisova ulica,,,,,,
Dominova,Dominova ulica,,,,,,
Domjanićeva,Domjanićeva ulica,,,,,,
Domljanovića,Domljanovića ulica,,,,,,
Domobranska,Domobranska ulica,,,,,,
Domovinske zahvalnosti,Ulica domovinske zahvalnosti,,,,,,
Domovinskog rata,Ulica Domovinskog rata,,,,,,
Domovićev brijeg - I. odvojak,Domovićev brijeg I. odvojak,,,,,,
Domovska,Domovska ulica,,,,,,
Don Ante Bućana,Ulica don Ante Bućana,,,,,,
Don Ante Petaka,Ulica don Ante Petaka,,,,,,
Don Antuna Božića,Ulica don Antuna Božića,,,,,,
Don Balda Vijalića,Ulica don Balda Vijalića,,,,,,
Don Drage Bosiljevca,Ulica don Drage Bosiljevca,,,,,,
Don Erminia Susata,Ulica don Erminia Susata,,,,,,
Don Fabjana Barete,Ulica don Fabjana Barete,,,,,,
Don Filipa i don Ante,Ulica don Filipa i don Ante,,,,,,
Don Frana Bulića,Ulica don Frana Bulića,,,,,,
Don Frane Bulića,Ulica don Frane Bulića,,,,,,
Don Frane Šoše,Ulica don Frane Šoše,,,,,,
Don Iva Bjelokosića,Ulica don Iva Bjelokosića,,,,,,
Don Iva Delalle,Ulica don Iva Delalle,,,,,,
Don Ivana Zorice,Ulica don Ivana Zorice,,,,,,
Don Ivana Čondića,Ulica don Ivana Čondića,,,,,,
Don Ivana Škarice,Ulica don Ivana Škarice,,,,,,
Don Ive Prodana,Ulica don Ive Prodana,,,,,,
Don Klementa Grubišića,Ulica don Klementa Grubišića,,,,,,
Don Krste Stošića,Ulica don Krste Stošića,,,,,,
Don M. Pavlinovića,Ulica don Mihovila Pavlinovića,,,,,,
Don Marina Beusana,Ulica don Marina Beusana,,,,,,
Don Mihovila Pavlinovića,Ulica don Mihovila Pavlinovića,,,,,,
Don Nedjeljka Subotića,Ulica don Nedjeljka Subotića,,,,,,
Don Nike Miličevića,Ulica don Nike Miličevića,,,,,,
Don Nikole Miličevića,Ulica don Nikole Miličevića,,,,,,
Don Petra Peroša,Ulica don Petra Peroša,,,,,,
Don Rafaela Radice,Ulica don Rafaela Radice,,,,,,
Don Stjepana Batinovića,Ulica don Stjepana Batinovića,,,,,,
Don Vicka Ivčića,Ulica don Vicka Ivčića,,,,,,
Don Vicka Raspovića,Ulica don Vicka Raspovića,,,,,,
Don Vicka Vlatkovića,Ulica don Vicka Vlatkovića,,,,,,
Don Šime Čorića,Ulica don Šime Čorića,,,,,,
Doneganijeva,Doneganijeva ulica,,,,,,
Donja Batina Ko.,Donja Batina,,,,,,
Donji Zemunik ulica I,Ulica I,,,,,,
Donji Zemunik ulica II,Ulica II,,,,,,
Donji Zemunik ulica III,Ulica III,,,,,,
Donji Zemunik ulica IV,Ulica IV,,,,,,
Donji Zemunik ulica IX,Ulica IX,,,,,,
Donji Zemunik ulica V,Ulica V,,,,,,
Donji Zemunik ulica VI,Ulica VI,,,,,,
Donji Zemunik ulica VII,Ulica VII,,,,,,
Donji Zemunik ulica VIII,Ulica VIII,,,,,,
Donji Zemunik ulica X,Ulica X,,,,,,
Donji Zemunik ulica XI,Ulica XI,,,,,,
Donji Zemunik ulica XII,Ulica XII,,,,,,
Donji Zemunik ulica XIII,Ulica XIII,,,,,,
Donji Zemunik ulica XIV,Ulica XIV,,,,,,
Donji Zemunik ulica XIX,Ulica XIX,,,,,,
Donji Zemunik ulica XV,Ulica XV,,,,,,
Donji Zemunik ulica XVI,Ulica XVI,,,,,,
Donji Zemunik ulica XVII,Ulica XVII,,,,,,
Donji Zemunik ulica XVIII,Ulica XVIII,,,,,,
Donji Zemunik ulica XX,Ulica XX,,,,,,
Dore Pejačević,Ulica Dore Pejačević,,,,,,
Dositeja Obradovića,Ulica Dositeja Obradovića,,,,,,
Doverska,Doverska ulica,,,,,,
Doža Đerđa,Ulica Doža Đerđa,,,,,,
Dože Đerđa,Ulica Dože Đerđa,,,,,,
Dr Polak Slavka,Ulica doktora Polak Slavka,,,,,,
Dr. Aloisa Mocka,Ulica doktora Aloisa Mocka,,,,,,
Dr. Alojzija Stepinca,Ulica doktora Alojzija Stepinca,,,,,,
Dr. Andrije Mohorovičića,Ulica doktora Andrije Mohorovičića,,,,,,
Dr. Andrije Štampara,Ulica doktora Andrije Štampara,,,,,,
Dr. Ante Mandića,Ulica doktora Ante Mandića,,,,,,
Dr. Ante Schwartza,Ulica doktora Ante Schwartza,,,,,,
Dr. Ante Starčevića,Ulica doktora Ante Starčevića,,,,,,
Dr. Ante Sugje,Ulica doktora Ante Sugje,,,,,,
Dr. Ante Šercera,Ulica doktora Ante Šercera,,,,,,
Dr. Ante Šonje,Ulica doktora Ante Šonje,,,,,,
Dr. Antuna Barca,Ulica doktora Antuna Barca,,,,,,
Dr. Antuna Bauera - Paje,Ulica doktora Antuna Bauera - Paje,,,,,,
Dr. Blaža Lorkovića,Ulica doktora Blaža Lorkovića,,,,,,
Dr. Bogoslava Mažuranića,Ulica doktora Bogoslava Mažuranića,,,,,,
Dr. Conrada Clara,Ulica doktora Conrada Clara,,,,,,
Dr. Dinka Kozulića,Ulica doktora Dinka Kozulića,,,,,,
Dr. Dinka Vitezića,Ulica doktora Dinka Vitezića,,,,,,
Dr. Eduarda Miloslavića,Ulica doktora Eduarda Miloslavića,,,,,,
Dr. Filipa Potrebice,Ulica doktora Filipa Potrebice,,,,,,
Dr. Franje Račkog,Ulica doktora Franje Račkog,,,,,,
Dr. Franje Tuđmana,Ulica doktora Franje Tuđmana,,,,,,
Dr. Franjo Tuđman,Doktor Franjo Tuđman,,,,,,
Dr. Ivana Banjavčića,Ulica doktora Ivana Banjavčića,,,,,,
Dr. Ivana Grahe,Ulica doktora Ivana Grahe,,,,,,
Dr. Ivana Kostrenčića,Ulica doktora Ivana Kostrenčića,,,,,,
Dr. Ivana Novaka,Ulica doktora Ivana Novaka,,,,,,
Dr. Ivana Pernara,Ulica doktora Ivana Pernara,,,,,,
Dr. Ivana Poščića,Ulica doktora Ivana Poščića,,,,,,
Dr. Jakova Dudana,Ulica doktora Jakova Dudana,,,,,,
Dr. Josip Fulanović,Ulica doktora Josipa Fulanovića,,,,,,
Dr. Josipa Jagodića,Ulica doktora Josipa Jagodića,,,,,,
Dr. Josipa Paštrovića,Ulica doktora Josipa Paštrovića,,,,,,
Dr. Juraja Njavra,Ulica doktora Juraja Njavra,,,,,,
Dr. Kamila Firingera,Ulica doktora Kamila Firingera,,,,,,
Dr. Luke Starčevića,Ulica doktora Luke Starčevića,,,,,,
Dr. Manje Kovačević,Doktor Manje Kovačević,,,,,,
Dr. Marijana Valkovića,Ulica doktora Marijana Valkovića,,,,,,
Dr. Marka Dokoze,Ulica doktora Marka Dokoze,,,,,,
Dr. Marka Kadića,Ulica doktora Marka Kadića,,,,,,
Dr. Mate Ujevića,Ulica doktora Mate Ujevića,,,,,,
Dr. Matije Kožića,Ulica doktora Matije Kožića,,,,,,
Dr. Matka Laginje,Ulica doktora Matka Laginje,,,,,,
Dr. Maxa Josepha Örtela,Ulica doktora Maxa Josepha Örtela,,,,,,
Dr. Milana Nemičića,Ulica doktora Milana Nemičića,,,,,,
Dr. Mile Budaka,Ulica doktora Mile Budaka,,,,,,
Dr. Nila Cara,Ulica doktora Nila Cara,,,,,,
Dr. Roka Mišetića,Ulica doktora Roka Mišetića,,,,,,
Dr. Rudolfa Miculinića,Ulica doktora Rudolfa Miculinića,,,,,,
Dr. Silvio Fortuna,Doktor Silvio Fortuna,,,,,,
Dr. Slavka Rozgaja,Ulica doktora Slavka Rozgaja,,,,,,
Dr. Vinka Žganca,Ulica doktora Vinka Žganca,,,,,,
Dr. Vjekoslava Zidarića,Ulica doktora Vjekoslava Zidarića,,,,,,
Dr. Vladka Mačeka,Ulica doktora Vladka Mačeka,,,,,,
Dr. Vlatka Mačeka,Ulica doktora Vlatka Mačeka,,,,,,
Dr. Zdravka Kučića,Ulica doktora Zdravka Kučića,,,,,,
Dr. Šima Debelić,Ulica doktora Šime Debelića,,,,,,
Dragana Bezuka - Vabeca,Ulica Dragana Bezuka,,,,,,
Dragana Bublića,Ulica Dragana Bublića,,,,,,
Dragana Butkovića - Cole,Ulica Dragana Butkovića,,,,,,
Dragana Fuksa,Ulica Dragana Fuksa,,,,,,
Dragana Krešana,Ulica Dragana Krešana,,,,,,
Dragana Vukovića,Ulica Dragana Vukovića,,,,,,
Drage Ahela Lukca,Ulica Drage Ahela Lukca,,,,,,
Drage Biželja,Ulica Drage Biželja,,,,,,
Drage Gervaisa,Ulica Drage Gervaisa,,,,,,
Drage Ivaniševića,Ulica Drage Ivaniševića,,,,,,
Drage Majstorović,Ulica Drage Majstorovića,,,,,,
Drage Matkovića,Ulica Drage Matkovića,,,,,,
Drage Šćitara,Ulica Drage Šćitara,,,,,,
Dragojle Jarnević,Ulica Dragojle Jarnević,,,,,,
Dragonjska ul.,Dragonjska ulica,,,,,,
Dragovoljaca HOS-a,Ulica dragovoljaca HOS-a,,,,,,
Dragutina Benka,Ulica Dragutina Benka,,,,,,
Dragutina Careka,Ulica Dragutina Careka,,,,,,
Dragutina Cesara,Ulica Dragutina Cesara,,,,,,
Dragutina Domjanića,Ulica Dragutina Domjanića,,,,,,
Dragutina Laškarina,Ulica Dragutina Laškarina,,,,,,
Dragutina Lermana,Ulica Dragutina Lermana,,,,,,
Dragutina Lobe,Ulica Dragutina Lobe,,,,,,
Dragutina Neumana,Ulica Dragutina Neumana,,,,,,
Dragutina Parčića,Ulica Dragutina Parčića,,,,,,
Dragutina Račkog,Ulica Dragutina Račkog,,,,,,
Dragutina Renarića,Ulica Dragutina Renarića,,,,,,
Dragutina Tadijanovića,Ulica Dragutina Tadijanovića,,,,,,
Dragutina Tomića,Ulica Dragutina Tomića,,,,,,
Dragutina Šimončića,Ulica Dragutina Šimončića,,,,,,
Dravogradska,Dravogradska ulica,,,,,,
Dravska ul.,Dravska ulica,,,,,,
Dražena Kuduza,Ulica Dražena Kuduza,,,,,,
Dražena Petrovića,Ulica Dražena Petrovića,,,,,,
Dražičkih boraca,Ulica dražičkih boraca,,,,,,
Drecanice - Via Drezanizze,Drecanice,,Via Drezanizze,,,,
Drenačka,Drenačka ulica,,,,,,
Drinska,Drinska ulica,,,,,,
Drniška,Drniška ulica,,,,,,
Drniških žrtava,Ulica drniških žrtava,,,,,,
Dropčeva,Dropčeva ulica,,,,,,
Drugi desni odv.,Drugi desni odvojak,,,,,,
Drugi lijevi odv.,Drugi lijevi odvojak,,,,,,
Družbe sv. Ćirila i Metoda,Ulica družbe svetih Ćirila i Metoda,,,,,,
Družbe svetih Ćirila i Metoda,Ulica družbe svetih Ćirila i Metoda,,,,,,
Drvarska,Drvarska ulica,,,,,,
Drvenička,Drvenička ulica,,,,,,
Drž. dobro Šaš. Greda,Državno dobro Šašina Greda,,,,,,
Držanička,Držanička ulica,,,,,,
Držislavova,Držislavova ulica,,,,,,
Držića Marina,Ulica Držića Marina,,,,,,
Držićeva,Držićeva ulica,,,,,,
Dubašljanska,Dubašljanska ulica,,,,,,
Dubička,Dubička ulica,,,,,,
Dubravka Horvatića,Ulica Dubravka Horvatića,,,,,,
Dubravkina,Dubravkina ulica,,,,,,
Dubravska,Dubravska ulica,,,,,,
Dubravčić Stipe - Klikera,Ulica Dubravčić Stipe - Klikera,,,,,,
Dubrovačka ul.,Dubrovačka ulica,,,,,,
Dubrovačkog odreda,Ulica Dubrovačkog odreda,,,,,,
Dubska,Dubska ulica,,,,,,
Dudovinska,Dudovinska ulica,,,,,,
Duga ulica - Odvojak 1,Duga ulica odvojak 1,,,,,,
Duga ulica - Odvojak 2,Duga ulica odvojak 2,,,,,,
Duga ulica I odvojak,Duga ulica I. odvojak,,,,,,
Duga ulica II odvojak,Duga ulica II. odvojak,,,,,,
Dugačka,Dugačka ulica,,,,,,
Dugootočka ul.,Dugootočka ulica,,,,,,
Dugoreška,Dugoreška ulica,,,,,,
Dugoselska ul.,Dugoselska ulica,,,,,,
Duje Zaharića,Ulica Duje Zaharića,,,,,,
Dujma Balistrilića,Ulica Dujma Balistrilića,,,,,,
Dujma Hrankovića,Ulica Dujma Hrankovića,,,,,,
Dunajska,Dunajska ulica,,,,,,
Dunavska ul.,Dunavska ulica,,,,,,
Duvanjska,Duvanjska ulica,,,,,,
Dušana Kelića - Sremca,Ulica Dušana Kelića - Sremca,,,,,,
Dušana Mavra,Ulica Dušana Mavra,,,,,,
Dušana Stankova,Ulica Dušana Stankova,,,,,,
Dvadesetdrugog lipnja,Ulica dvadesetdrugog lipnja,,,,,,
Dvanaest redarstvenika,Ulica dvanaest redarstvenika,,,,,,
Dvornička,Dvornička ulica,,,,,,
Dvorska,Dvorska ulica,,,,,,
Džafera beg Kulenovića,Ulica Džafera beg Kulenovića,,,,,,
E. Kardelja,Ulica Edvarda Kardelja,,,,,,
Ede Jardasa,Ulica Ede Jardasa,,,,,,
Ede Nemarnika,Ulica Ede Nemarnika,,,,,,
Ede Starca,Ulica Ede Starca,,,,,,
Egidija Bulešića,Ulica Egidija Bulešića,,,,,,
Električne centrale,Ulica električne centrale,,,,,,
Elise Šokčević,Ulica Elise Šokčević,,,,,,
Elvira Vrha,Ulica Elvira Vrha,,,,,,
Emila Antića,Ulica Emila Antića,,,,,,
Emila Bošnjaka,Ulica Emila Bošnjaka,,,,,,
Emila Geistlicha,Ulica Emila Geistlicha,,,,,,
Emila Krajcara,Ulica Emila Krajcara,,,,,,
Emilija Randića,Ulica Emilija Randića,,,,,,
Erazma Barčića,Ulica Erazma Barčića,,,,,,
Erne Kiša,Ulica Erne Kiša,,,,,,
Ernesta Purgarića,Ulica Ernesta Purgarića,,,,,,
Ervenik Zlatarski Zl. B,Ervenik Zlatarski,,,,,,
Ervenička,Ervenička ulica,,,,,,
Ervine Dragman,Ulica Ervine Dragman,,,,,,
Eugena Buktenice,Ulica Eugena Buktenice,,,,,,
Eugena Kolonića,Ulica Eugena Kolonića,,,,,,
Eugena Kovačića,Ulica Eugena Kovačića,,,,,,
Eugena Kraja,Ulica Eugena Kraja,,,,,,
Eugena Podubskog,Ulica Eugena Podubskog,,,,,,
Eugena Savojskog,Ulica Eugena Savojskog,,,,,,
Eugena Tomića,Ulica Eugena Tomića,,,,,,
Europske unije,Ulica Europske unije,,,,,,
Evgenija Kumičića,Ulica Evgenija Kumičića,,,,,,
F. Bartolića,Ulica Franje Bartolića,,,,,,
F. Krste Frankopana,Ulica Frana Krste Frankopana,,,,,,
Fabijana Šovagovića,Ulica Fabijana Šovagovića,,,,,,
Fabijančić Stjepana - Jape,Ulica Fabijančić Stjepana - Jape,,,,,,
Fabrika - Via Fabbrica,Fabrika,,Via Fabbrica,,,,
Fausta Vrančića,Ulica Fausta Vrančića,,,,,,
Federika Benkovića,Ulica Federika Benkovića,,,,,,
Feliksa Peršića,Ulica Feliksa Peršića,,,,,,
Feliksa Zazinovića,Ulica Feliksa Zazinovića,,,,,,
Ferde Bačića,Ulica Ferde Bačića,,,,,,
Ferde Galovića,Ulica Ferde Galovića,,,,,,
Ferde Gassmanna,Ulica Ferde Gassmanna,,,,,,
Ferde Juzbašića,Ulica Ferde Juzbašića,,,,,,
Ferde Livadića,Ulica Ferde Livadića,,,,,,
Ferde Rusana,Ulica Ferde Rusana,,,,,,
Ferde Šišića,Ulica Ferde Šišića,,,,,,
Ferenca Kiša,Ulica Ferenca Kiša,,,,,,
Ferićeva,Ferićeva ulica,,,,,,
Filetova,Filetova ulica,,,,,,
Filipa Pavešića,Ulica Filipa Pavešića,,,,,,
Fiorella La Guardie,Ulica Fiorella La Guardie,,,,,,
Filipinska,Filipinska ulica,,,,,,
Fiskulturna,Fiskulturna ulica,,,,,,
Flore Jakšić,Ulica Flore Jakšić,,,,,,
Florijana Andrašeca,Ulica Florijana Andrašeca,,,,,,
Florijanova,Florijanova ulica,,,,,,
Fortunata Pintarića,Ulica Fortunata Pintarića,,,,,,
Fra Ambroza Testena,Ulica fra Ambroza Testena,,,,,,
Fra Andrije Dorotića,Ulica fra Andrije Dorotića,,,,,,
Fra Andrije Kačića Miošića,Ulica fra Andrije Kačića Miošića,,,,,,
Fra Andrije Marića,Ulica fra Andrije Marića,,,,,,
Fra Antuna Konstantina Matasa,Ulica fra Antuna Konstantina Matasa,,,,,,
Fra Antuna Tomaševića,Ulica fra Antuna Tomaševića,,,,,,
Fra Bartola Kašića,Ulica fra Bartola Kašića,,,,,,
Fra Bonina,Ulica fra Bonina,,,,,,
Fra Didaka Buntića,Ulica fra Didaka Buntića,,,,,,
Fra Eugena Zaninovića,Ulica fra Eugena Zaninovića,,,,,,
Fra Filipa Grabovca,Ulica fra Filipa Grabovca,,,,,,
Fra Grge Martića,Ulica fra Grge Martića,,,,,,
Fra Grge Čevapovića,Ulica fra Grge Čevapovića,,,,,,
Fra Grgura Čevapovića,Ulica fra Grgura Čevapovića,,,,,,
Fra Ivana Despota,Ulica fra Ivana Despota,,,,,,
Fra Ivana Rožića,Ulica fra Ivana Rožića,,,,,,
Fra Kaje Adžića,Ulica fra Kaje Adžića,,,,,,
Fra Krizostoma Kleškovića,Ulica fra Krizostoma Kleškovića,,,,,,
Fra Luje Maruna,Ulica fra Luje Maruna,,,,,,
Fra Luke Ibrišimovića,Ulica fra Luke Ibrišimovića,,,,,,
Fra Mije Kotaraša,Ulica fra Mije Kotaraša,,,,,,
Fra Nikole Ružića,Ulica fra Nikole Ružića,,,,,,
Fra Pavla Jakića,Ulica fra Pavla Jakića,,,,,,
Fra Petra Kneževića,Ulica fra Petra Kneževića,,,,,,
Fra Placida Cortesea,Ulica fra Placida Cortesea,,,,,,
Fra Rafe Kalinića,Ulica fra Rafe Kalinića,,,,,,
Fra Serafina Schöna,Ulica fra Serafina Schöna,,,,,,
Fra Stjepana Vrlića,Ulica fra Stjepana Vrlića,,,,,,
Fra Stjepana Zlatovića,Ulica fra Stjepana Zlatovića,,,,,,
Fra Tadije Ledića,Ulica fra Tadije Ledića,,,,,,
Fra. Andrije Kačića,Ulica fra Andrije Kačića,,,,,,
Frana Antice,Ulica Frana Antice,,,,,,
Frana Bulića,Ulica Frana Bulića,,,,,,
Frana Flega,Ulica Frana Flega,,,,,,
Frana Galovića,Ulica Frana Galovića,,,,,,
Frana Kolumbića,Ulica Frana Kolumbića,,,,,,
Frana Kresnika,Ulica Frana Kresnika,,,,,,
Frana Krste Frankopana,Ulica Frana Krste Frankopana,,,,,,
Frana Kršinića,Ulica Frana Kršinića,,,,,,
Frana Kurelca,Ulica Frana Kurelca,,,,,,
Frana Laureana,Ulica Frana Laureana,,,,,,
Frana Lugarića,Ulica Frana Lugarića,,,,,,
Frana Mažuranića,Ulica Frana Mažuranića,,,,,,
Frana Novljana,Ulica Frana Novljana,,,,,,
Frana Supila,Ulica Frana Supila,,,,,,
Frana Čale,Ulica Frana Čale,,,,,,
Franca Liszta,Ulica Franca Liszta,,,,,,
Franca Prešerna,Ulica Franca Prešerna,,,,,,
France Prešerna,Ulica France Prešerna,,,,,,
Francetićeva,Francetićeva ulica,,,,,,
Frane Bulića,Ulica Frane Bulića,,,,,,
Frane Dismanića,Ulica Frane Dismanića,,,,,,
Frane Divnića,Ulica Frane Divnića,,,,,,
Frane Glavinića,Ulica Frane Glavinića,,,,,,
Frane Josipa,Ulica Frane Josipa,,,,,,
Frane Jurića Arambašića,Ulica Frane Jurića Arambašića,,,,,,
Frane Kuharića,Ulica Frane Kuharića,,,,,,
Frane Matošića,Ulica Frane Matošića,,,,,,
Frane Mladenića,Ulica Frane Mladenića,,,,,,
Frane Petrinovića,Ulica Frane Petrinovića,,,,,,
Frane Supila,Ulica Frane Supila,,,,,,
Frane Vranjanina,Ulica Frane Vranjanina,,,,,,
Franine i Jurine,Ulica Franine i Jurine,,,,,,
Franje Arpada Mesaroša,Ulica Franje Arpada Mesaroša,,,,,,
Franje Barića,Ulica Franje Barića,,,,,,
Franje Belulovića,Ulica Franje Belulovića,,,,,,
Franje Brentinija,Ulica Franje Brentinija,,,,,,
Franje Butkovića,Ulica Franje Butkovića,,,,,,
Franje Cara,Ulica Franje Cara,,,,,,
Franje Cirakija,Ulica Franje Cirakija,,,,,,
Franje Gavrančića,Ulica Franje Gavrančića,,,,,,
Franje Glavinića,Ulica Franje Glavinića,,,,,,
Franje Hanamana,Ulica Franje Hanamana,,,,,,
Franje Jelačića,Ulica Franje Jelačića,,,,,,
Franje Josipa,Ulica Franje Josipa,,,,,,
Franje Jurčića,Ulica Franje Jurčića,,,,,,
Franje Jusupa,Ulica Franje Jusupa,,,,,,
Franje Klvanje,Ulica Franje Klvanje,,,,,,
Franje Kosine,Ulica Franje Kosine,,,,,,
Franje Kuhača,Ulica Franje Kuhača,,,,,,
Franje Ljubetića,Ulica Franje Ljubetića,,,,,,
Franje Markovića,Ulica Franje Markovića,,,,,,
Franje Matkovića,Ulica Franje Matkovića,,,,,,
Franje Miličića,Ulica Franje Miličića,,,,,,
Franje Mraza,Ulica Franje Mraza,,,,,,
Franje Novaka,Ulica Franje Novaka,,,,,,
Franje Ogulinca Selje,Ulica Franje Ogulinca Selje,,,,,,
Franje Ogulinca Selje odvojak I,Ulica Franje Ogulinca Selje odvojak I,,,,,,
Franje Ogulinca Selje odvojak II,Ulica Franje Ogulinca Selje odvojak II,,,,,,
Franje Ogulinca Selje odvojak III,Ulica Franje Ogulinca Selje odvojak III,,,,,,
Franje Ogulinca Selje odvojak IV,Ulica Franje Ogulinca Selje odvojak IV,,,,,,
Franje Ogulinca Selje odvojak V,Ulica Franje Ogulinca Selje odvojak V,,,,,,
Franje Ogulinca Selje odvojak VI,Ulica Franje Ogulinca Selje odvojak VI,,,,,,
Franje Ožbolta Velikog,Ulica Franje Ožbolta Velikog,,,,,,
Franje Pilepića Pavina,Ulica Franje Pilepića Pavina,,,,,,
Franje Račkog,Ulica Franje Račkog,,,,,,
Franje Račkoga,Ulica Franje Račkoga,,,,,,
Franje Strapača,Ulica Franje Strapača,,,,,,
Franje Thauzyja,Ulica Franje Thauzyja,,,,,,
Franje Timarića,Ulica Franje Timarića,,,,,,
Franje Trenka,Ulica Franje Trenka,,,,,,
Franje Tuđmana,Ulica Franje Tuđmana,,,,,,
Franje Vidovića,Ulica Franje Vidovića,,,,,,
Franje Čandeka,Ulica Franje Čandeka,,,,,,
Franje Šrama,Ulica Franje Šrama,,,,,,
Franićeva,Franićeva ulica,,,,,,
Franjevačka,Franjevačka ulica,,,,,,
Franjevačka ul.,Franjevačka ulica,,,,,,
Franjina,Franjina ulica,,,,,,
Frankopanska,Frankopanska ulica,,,,,,
Frankopanska ul.,Frankopanska ulica,,,,,,
Frankovićeva,Frankovićeva ulica,,,,,,
Frante Buriana,Ulica Frante Buriana,,,,,,
Franza Wagnera,Ulica Franza Wagnera,,,,,,
Friedricha Juliusa Schülera,Ulica Friedricha Juliusa Schülera,,,,,,
Friedricha Schmidta,Ulica Friedricha Schmidta,,,,,,
Fumićeva,Fumićeva ulica,,,,,,
Furmanska,Furmanska ulica,,,,,,
Fužinska,Fužinska ulica,,,,,,
G. Drače,Gornje Drače,,,,,,
G. Jančići,Gornji Jančići,,,,,,
G. Komarevo - cesta,Gornje Komarevo - cesta,,,,,,
G. Orbanići,Gornji Orbanići,,,,,,
G. Oštri Vrh Ozaljski,Gornji Oštri Vrh Ozaljski,,,,,,
G. Pucići,Gornji Pucići,,,,,,
G. Radeke,Gornje Radeke,,,,,,
G. Tankovići,Gornji Tankovići,,,,,,
G. Trbojevići,Gornji Trbojevići,,,,,,
Gabra Rajčevića,Ulica Gabra Rajčevića,,,,,,
Gaja Bulata,Ulica Gaja Bulata,,,,,,
Gaja Ljudevita odvojak,Ulica Gaja Ljudevita odvojak,,,,,,
Gaje Petrovića,Ulica Gaje Petrovića,,,,,,
Gajeva,Gajeva ulica,,,,,,
Gajićeva,Gajićeva ulica,,,,,,
Gajčanska,Gajčanska ulica,,,,,,
Galijotova ul.,Galijotova ulica,,,,,,
Galovićeva,Galovićeva ulica,,,,,,
Gat sv. Duje,Gat svetog Duje,,,,,,
Gat sv. Petra,Gat svetog Petra,,,,,,
Garešnička,Garešnička ulica,,,,,,
Garićka,Garićka ulica,,,,,,
Gavanova,Gavanova ulica,,,,,,
Gavrilova,Gavrilova ulica,,,,,,
Gašinačka,Gašinačka ulica,,,,,,
Gaženička,Gaženička ulica,,,,,,
Generala Janka Bobetka,Ulica generala Janka Bobetka,,,,,,
Generala Koste Nađa,Ulica generala Koste Nađa,,,,,,
Generala Nikole Maštrovića,Ulica generala Nikole Maštrovića,,,,,,
Gerovska,Gerovska ulica,,,,,,
Getaldićeva,Getaldićeva ulica,,,,,,
Glavinićeva,Glavinićeva ulica,,,,,,
Glavička,Glavička ulica,,,,,,
Glazbarska,Glazbarska ulica,,,,,,
Gložđanska,Gložđanska ulica,,,,,,
Goilska,Goilska ulica,,,,,,
Gojka Šuška,Ulica Gojka Šuška,,,,,,
Golinska,Golinska ulica,,,,,,
Gorana Mihaljevića,Ulica Gorana Mihaljevića,,,,,,
Gorana Potnešila,Ulica Gorana Potnešila,,,,,,
Gorana Reščića,Ulica Gorana Reščića,,,,,,
Gorana Štipaka,Ulica Gorana Štipaka,,,,,,
Gordana Lederera,Ulica Gordana Lederera,,,,,,
Gornji Zemunik ulica I,Ulica I,,,,,,
Gornji Zemunik ulica II,Ulica II,,,,,,
Gornji Zemunik ulica III,Ulica III,,,,,,
Gornji Zemunik ulica IV,Ulica IV,,,,,,
Gornji Zemunik ulica V,Ulica V,,,,,,
Gornjostupnička ulica-odvojak,Gornjostupnička ulica odvojak,,,,,,
Gortana Vladimira,Ulica Gortana Vladimira,,,,,,
Gospe Karmelske,Ulica Gospe Karmelske,,,,,,
Gospe kraj mora,Ulica Gospe kraj mora,,,,,,
Gospe od Anđela,Ulica Gospe od Anđela,,,,,,
Gospe od Karmela,Ulica Gospe od Karmela,,,,,,
Gospe od Milosrđa,Ulica Gospe od Milosrđa,,,,,,
Gospe od mira,Ulica Gospe od Mira,,,,,,
Gospe od Smova,Ulica Gospe od Smova,,,,,,
Gospe od sniga,Ulica Gospe od Sniga,,,,,,
Gospe od Stomorja,Ulica Gospe od Stomorja,,,,,,
Gospe od Zdravlja,Ulica Gospe od Zdravlja,,,,,,
Gospe od zdravlja,Ulica Gospe od Zdravlja,,,,,,
Gospićka,Gospićka ulica,,,,,,
Gospodarska,Gospodarska ulica,,,,,,
Gospodarska 1,Gospodarska ulica 1,,,,,,
Gotovčeva,Gotovčeva ulica,,,,,,
Grabarska,Grabarska ulica,,,,,,
Grabička,Grabička ulica,,,,,,
Grabovčeva,Grabovčeva ulica,,,,,,
Grada Vukovara,Ulica grada Vukovara,,,,,,
Gradačka,Gradačka ulica,,,,,,
Gradićeva,Gradićeva ulica,,,,,,
Gradiška,Gradiška ulica,,,,,,
Gradišćanskih Hrvata,Ulica Gradišćanskih Hrvata,,,,,,
Gradskih igrališta,Ulica gradskih igrališta,,,,,,
Građanske škole,Ulica građanske škole,,,,,,
Grdešićka,Grdešićka ulica,,,,,,
Grebaštička,Grebaštička ulica,,,,,,
Grebenska,Grebenska ulica,,,,,,
Grgasova,Grgasova ulica,,,,,,
Grge Novaka,Ulica Grge Novaka,,,,,,
Grge Oštrića,Ulica Grge Oštrića,,,,,,
Grge Tuškana,Ulica Grge Tuškana,,,,,,
Grgura Karlovčana,Ulica Grgura Karlovčana,,,,,,
Grgura Ninskog,Ulica Grgura Ninskog,,,,,,
Grgura Oštrića,Ulica Grgura Oštrića,,,,,,
Grgurev Ante Kukure,Ulica Grgurev Ante Kukure,,,,,,
Grgurev Tonča,Ulica Grgurev Tonča,,,,,,
Grofa Janka Draškovića,Ulica grofa Janka Draškovića,,,,,,
Gromačka,Gromačka ulica,,,,,,
Gudovačka,Gudovačka ulica,,,,,,
Gundulića Ivana,Ulica Gundulića Ivana,,,,,,
Gunjanska,Gunjanska ulica,,,,,,
Gupčeva,Gupčeva ulica,,,,,,
Gustava Bolteka,Ulica Gustava Bolteka,,,,,,
Gustava Krkleca,Ulica Gustava Krkleca,,,,,,
Gvozdanska,Gvozdanska ulica,,,,,,
Hajdučka ul.,Hajdučka ulica,,,,,,
Hanibala Lucića,Ulica Hanibala Lucića,,,,,,
Hansa Dietricha Genschera,Ulica Hansa Dietricha Genschera,,,,,,
Harteraška,Harteraška ulica,,,,,,
Hatzeova,Hatzeova ulica,,,,,,
Hedvige Deker,Ulica Hedvige Deker,,,,,,
Hegedušićeva,Hegedušićeva ulica,,,,,,
Hektorovićeva,Hektorovićeva ulica,,,,,,
Henjakova,Henjakova ulica,,,,,,
Hercega Kolomana,Hercega Kolomana ulica,,,,,,
Hercega Stjepana,Hercega Stjepana ulica,,,,,,
Hermana Gmeinnera,Hermana Gmeinnera ulica,,,,,,
Hermine Tomić,Hermine Tomić ulica,,,,,,
Herte Turze,Herte Turze ulica,,,,,,
Hinka Juhna,Hinka Juhna ulica,,,,,,
Hladovita,Hladovita ulica,,,,,,
Hlapičina,Hlapičina ulica,,,,,,
Hlebinska,Hlebinska ulica,,,,,,
Hodiljska,Hodiljska ulica,,,,,,
Homerova,Homerova ulica,,,,,,
Horacija Fortezze,Ulica Horacija Fortezze,,,,,,
Hranjčeva,Hranjčeva ulica,,,,,,
Hrastinska,Hrastinska ulica,,,,,,
Hrastova,Hrastova ulica,,,,,,
Hrusta - II. odvojak,Hrusta II. odvojak,,,,,,
Hrusta - III. odvojak,Hrusta III. odvojak,,,,,,
Hrusta - IV. odvojak,Hrusta IV. odvojak,,,,,,
Hrv. bratske zajednice,Ulica Hrvatske bratske zajednice,,,,,,
Hrv. vitezova,Ulica Hrvatskih vitezova,,,,,,
Hrvat. proljeća 1971.,Ulica Hrvatskog proljeća 1971.,,,,,,
Hrvatske bratske zajednice,Ulica Hrvatske bratske zajednice,,,,,,
Hrvatske kraljice Jelene,Ulica hrvatske kraljice Jelene,,,,,,
Hrvatske Mladeži,Ulica hrvatske mladeži,,,,,,
Hrvatske mladeži,Ulica hrvatske mladeži,,,,,,
Hrvatske mornarice,Ulica Hrvatske mornarice,,,,,,
Hrvatske neovisnosti,Ulica hrvatske neovisnosti,,,,,,
Hrvatske Republike,Ulica Hrvatske Republike,,,,,,
Hrvatske slobode,Ulica hrvatske slobode,,,,,,
Hrvatske vojske,Ulica Hrvatske vojske,,,,,,
Hrvatskih branitelja odvojak I,Ulica hrvatskih branitelja odvojak I,,,,,,
Hrvatskih branitelja odvojak II,Ulica hrvatskih branitelja odvojak II,,,,,,
Hrvatskih domobrana,Ulica hrvatskih domobrana,,,,,,
Hrvatskih dragovoljaca,Ulica hrvatskih dragovoljaca,,,,,,
Hrvatskih gardista,Ulica hrvatskih gardista,,,,,,
Hrvatskih generala,Ulica hrvatskih generala,,,,,,
Hrvatskih iseljenika,Ulica hrvatskih iseljenika,,,,,,
Hrvatskih kraljeva,Ulica hrvatskih kraljeva,,,,,,
Hrvatskih mučenika,Ulica hrvatskih mučenika,,,,,,
Hrvatskih obrambenih snaga,Ulica hrvatskih obrambenih snaga,,,,,,
Hrvatskih pisaca,Ulica hrvatskih pisaca,,,,,,
Hrvatskih ratnih veterana,Ulica hrvatskih ratnih veterana,,,,,,
Hrvatskih redarstvenika,Ulica hrvatskih redarstvenika,,,,,,
Hrvatskih velikana,Ulica hrvatskih velikana,,,,,,
Hrvatskih vitezova,Ulica hrvatskih vitezova,,,,,,
Hrvatskih žrtava,Ulica hrvatskih žrtava,,,,,,
Hrvatskih žrtava Domovinskog rata,Ulica hrvatskih žrtava Domovinskog rata,,,,,,
Hrvatskog Crvenog križa,Ulica hrvatskog Crvenog križa,,,,,,
Hrvatskog narodnog preporoda,Ulica hrvatskog narodnog preporoda,,,,,,
Hrvatskog preporoda,Ulica Hrvatskog preporoda,,,,,,
Hrvatskog proljeća,Ulica Hrvatskog proljeća,,,,,,
Hrvatskog proljeća I. odvojak,Ulica Hrvatskog proljeća I. odvojak,,,,,,
Hrvatskog proljeća II. odvojak,Ulica Hrvatskog proljeća II. odvojak,,,,,,
Hrvatskog Sabora,Ulica Hrvatskog sabora,,,,,,
Hrvatskog sabora,Ulica Hrvatskog sabora,,,,,,
Hrvatskog sokola,Ulica Hrvatskog sokola,,,,,,
Hrvatskog vojnika,Ulica hrvatskog vojnika,,,,,,
Hrvatskog zrakoplovstva,Ulica Hrvatskog zrakoplovstva,,,,,,
Hrvoja Vukčić - Hrvatinića,Ulica Hrvoja Vukčić Hrvatinića,,,,,,
Hrvoja Vukčić Hrvatinića,Ulica Hrvoja Vukčić Hrvatinića,,,,,,
Hrvoja Vukčića Hrvatinića,Ulica Hrvoja Vukčića Hrvatinića,,,,,,
Hrvojeva,Hrvojeva ulica,,,,,,
Huberta Borellija,Ulica Huberta Borellija,,,,,,
Huge Badalića,Ulica Huge Badalića,,,,,,
Husainska,Husainska ulica,,,,,,
Hutovska,Hutovska ulica,,,,,,
Hvarska,Hvarska ulica,,,,,,
Hvarska ul.,Hvarska ulica,,,,,,
I Bolnički odvojak,I. Bolnički odvojak,,,,,,
I Jelačićev odvojak,I. Jelačićev odvojak,,,,,,
I Mokrički odvojak,I. Mokrički odvojak,,,,,,
I Novački odvojak,I. Novački odvojak,,,,,,
I od. ul. Kup. Slapovi,I. odvojak ulice Kupski slapovi,,,,,,
I odv. ul. Josipa Kolara,I. odvojak ulice Josipa Kolara,,,,,,
I odvojak Bregovite ulice,I. odvojak Bregovite ulice,,,,,,
I odvojak Duge ulice,I. odvojak Duge ulice,,,,,,
I odvojak Gajeve ulice,I. odvojak Gajeve ulice,,,,,,
I odvojak Glogovićeve ulice,I. odvojak Glogovićeve ulice,,,,,,
I odvojak Goranove ulice,I. odvojak Goranove ulice,,,,,,
I odvojak Ivana Meštrovića,I. odvojak Ivana Meštrovića,,,,,,
I Odvojak Jakoba Badla,I. odvojak Jakoba Badla,,,,,,
I odvojak Jankovićeve ulice,I. odvojak Jankovićeve ulice,,,,,,
I odvojak Kosovići,I. odvojak Kosovići,,,,,,
I odvojak Krajske ulice,I. odvojak Krajske ulice,,,,,,
I Odvojak Ljudevita Gaja,I. odvojak Ljudevita Gaja,,,,,,
I odvojak Lukači,I. odvojak Lukači,,,,,,
I odvojak Majurčeve ulice,I. odvojak Majurčeve ulice,,,,,,
I odvojak Mihanovićeve ulice,I. odvojak Mihanovićeve ulice,,,,,,
I odvojak Obrankovićeve ulice,I. odvojak Obrankovićeve ulice,,,,,,
I odvojak Prigorske ulice,I. odvojak Prigorske ulice,,,,,,
I odvojak Savske ulice,I. odvojak Savske ulice,,,,,,
I odvojak Stubičke ulice,I. odvojak Stubičke ulice,,,,,,
I odvojak Trešnjevačke ulice,I. odvojak Trešnjevačke ulice,,,,,,
I odvojak Ul. Zrinskih i Frankopana,I. odvojak ulice Zrinskih i Frankopana,,,,,,
I odvojak ulice Andrije Majdaka,I. odvojak ulice Andrije Majdaka,,,,,,
I odvojak ulice Ante Kovačića,I. odvojak ulice Ante Kovačića,,,,,,
I odvojak Ulice Antuna Kuša,I. odvojak ulice Antuna Kuša,,,,,,
I odvojak ulice Bana Josipa Jelačića,I. odvojak ulice Bana Josipa Jelačića,,,,,,
I odvojak ulice Franje Martinca,I. odvojak ulice Franje Martinca,,,,,,
I odvojak ulice Kamenitih svatova,I. odvojak ulice Kamenitih svatova,,,,,,
I odvojak ulice Purgarija,I. odvojak ulice Purgarija,,,,,,
I odvojak ulice Sofije Jelačić,I. odvojak ulice Sofije Jelačić,,,,,,
I odvojak ulice Stjepana Gregorka,I. odvojak ulice Stjepana Gregorka,,,,,,
I odvojak ulice Stjepana Jakševca,I. odvojak ulice Stjepana Jakševca,,,,,,
I odvojak ulice Stjepana Kovačića,I. odvojak ulice Stjepana Kovačića,,,,,,
I odvojak Ulice Stjepana Radića,I. odvojak ulice Stjepana Radića,,,,,,
I odvojak ulice Stjepana Radića,I. odvojak ulice Stjepana Radića,,,,,,
I odvojak ulice Čižmešija,I. odvojak ulice Čižmešija,,,,,,
I odvojak Vadinske ulice,I. odvojak Vadinske ulice,,,,,,
I odvojak Velikogoričke ulice,I. odvojak Velikogoričke ulice,,,,,,
I odvojak Vinogradske ulice,I. odvojak Vinogradske ulice,,,,,,
I Odvojak Vinogradskog puta,I. odvojak Vinogradskog puta,,,,,,
I Odvojak Vodovodne ulice,I. odvojak Vodovodne ulice,,,,,,
I odvojak Zelengaja,I. odvojak Zelengaja,,,,,,
I odvojak Črni pesak,I. odvojak Črni pesak,,,,,,
I odvojak Đure Jelačića,I. odvojak Đure Jelačića,,,,,,
I odvojak Špičićeve ulice,I. odvojak Špičićeve ulice,,,,,,
I Poljski put,I. Poljski put,,,,,,
I Puhovski odvojak,I. Puhovski odvojak,,,,,,
I Rakitovec,I. Rakitovec,,,,,,
I Savski odvojak,I. Savski odvojak,,,,,,
I savski odvojak,I. Savski odvojak,,,,,,
I Strmečki odvojak,I. Strmečki odvojak,,,,,,
I ulica,I. ulica,,,,,,
I ulica u Gajcu,I. ulica u Gajcu,,,,,,
I Vinodolski odvojak,I. Vinodolski odvojak,,,,,,
I Vinogradski odvojak,I. Vinogradski odvojak,,,,,,
I školski odvojak,I. školski odvojak,,,,,,
I. Gorana Kovačića,Ulica Ivana Gorana Kovačića,,,,,,
I. Industrijska ul.,I. Industrijska ulica,,,,,,
I. Lole Ribara,Ulica Ive Lole Ribara,,,,,,
I. Milutinovića,Ulica Ivana Milutinovića,,,,,,
Ignaca Franciškovića,Ulica Ignaca Franciškovića,,,,,,
Ignacia Henckea,Ulica Ignacia Henckea,,,,,,
Ignacija Radića,Ulica Ignacija Radića,,,,,,
Ignjata Brlića,Ulica Ignjata Brlića,,,,,,
Ignjata Joba,Ulica Ignjata Joba,,,,,,
Ignjatička,Ignjatička ulica,,,,,,
II odvojak Bregovite ulice,II. odvojak Bregovite ulice,,,,,,
II odvojak Duge ulice,II. odvojak Duge ulice,,,,,,
II odvojak Glogovićeve ulice,II. odvojak Glogovićeve ulice,,,,,,
II odvojak Jankovićeve ulice,II. odvojak Jankovićeve ulice,,,,,,
II odvojak Krajske ulice,II. odvojak Krajske ulice,,,,,,
II Odvojak Ljudevita Gaja,II. odvojak Ljudevita Gaja,,,,,,
II odvojak Lukači,II. odvojak Lukači,,,,,,
II odvojak Obrankovićeve ulice,II. odvojak Obrankovićeve ulice,,,,,,
II odvojak Savske ulice,II. odvojak Savske ulice,,,,,,
II odvojak Stubičke ulice,II. odvojak Stubičke ulice,,,,,,
II odvojak ulice Andrije Majdaka,II. odvojak ulice Andrije Majdaka,,,,,,
II odvojak Ulice Antuna Kuša,II. odvojak ulice Antuna Kuša,,,,,,
II odvojak ulice Bana Josipa Jelačića,II. odvojak ulice bana Josipa Jelačića,,,,,,
II odvojak Ulice Franje Blažinca,II. odvojak ulice Franje Blažinca,,,,,,
II odvojak ulice Franje Martinca,II. odvojak ulice Franje Martinca,,,,,,
II odvojak ulice Josipa Kolara,II. odvojak ulice Josipa Kolara,,,,,,
II odvojak ulice Kamenitih svatova,II. odvojak ulice Kamenitih svatova,,,,,,
II odvojak ulice Purgarija,II. odvojak ulice Purgarija,,,,,,
II odvojak ulice Sofije Jelačić,II. odvojak ulice Sofije Jelačić,,,,,,
II odvojak ulice Stjepana Gregorka,II. odvojak ulice Stjepana Gregorka,,,,,,
II odvojak ulice Stjepana Jakševca,II. odvojak ulice Stjepana Jakševca,,,,,,
II odvojak Ulice Stjepana Radića,II. odvojak ulice Stjepana Radića,,,,,,
II odvojak Ulice Zrinskih i Frankopana,II. odvojak ulice Zrinskih i Frankopana,,,,,,
II odvojak ulice Čižmešija,II. odvojak ulice Čižmešija,,,,,,
II odvojak Vadinske ulice,II. odvojak Vadinske ulice,,,,,,
II odvojak Vinogradske ulice,II. odvojak Vinogradske ulice,,,,,,
II Odvojak Vinogradskog puta,II. odvojak Vinogradskog puta,,,,,,
II odvojak Zelengaja,II. odvojak Zelengaja,,,,,,
II odvojak Črni pesak,II. odvojak Črni pesak,,,,,,
II Puhovski odvojak,II. Puhovski odvojak,,,,,,
II Rakitovec,II. Rakitovec,,,,,,
II Savski odvojak,II. Savski odvojak,,,,,,
II savski odvojak,II. savski odvojak,,,,,,
II ulica,II. ulica,,,,,,
II ulica u Gajcu,II. ulica u Gajcu,,,,,,
II Vinodolski odvojak,II. Vinodolski odvojak,,,,,,
II Vinogradski odvojak,II. Vinogradski odvojak,,,,,,
III Mokrički odvojak,III. Mokrički odvojak,,,,,,
III odvojak Bregovite ulice,III. odvojak Bregovite ulice,,,,,,
III odvojak Duge ulice,III. odvojak Duge ulice,,,,,,
III odvojak Glogovićeve ulice,III. odvojak Glogovićeve ulice,,,,,,
III odvojak Jankovićeve ulice,III. odvojak Jankovićeve ulice,,,,,,
III odvojak Krajske ulice,III. odvojak Krajske ulice,,,,,,
III odvojak ulice Andrije Majdaka,III. odvojak ulice Andrije Majdaka,,,,,,
III odvojak ulice Bana Josipa Jelačića,III. odvojak ulice bana Josipa Jelačića,,,,,,
III odvojak ulice Franje Martinca,III. odvojak ulice Franje Martinca,,,,,,
III odvojak Ulice Zrinskih i Frankopana,III. odvojak ulice Zrinskih i Frankopana,,,,,,
III odvojak Vadinske ulice,III. odvojak Vadinske ulice,,,,,,
III Rakitovec,III. Rakitovec,,,,,,
III savski odvojak,III. savski odvojak,,,,,,
III ulica,III. ulica,,,,,,
III ulica u Gajcu,III. ulica u Gajcu,,,,,,
III Vinogradski odvojak,III. Vinogradski odvojak,,,,,,
Ilije Lešić Bartolova,Ulica Ilije Lešić Bartolova,,,,,,
Ilije Petrovića,Ulica Ilije Petrovića,,,,,,
Ilije Sarake,Ulica Ilije Sarake,,,,,,
Ilije Smiljanića,Ulica Ilije Smiljanića,,,,,,
Ilirskog preporoda,Ulica Ilirskog preporoda,,,,,,
Ilovačka ul.,Ilovačka ulica,,,,,,
Iločka,Iločka ulica,,,,,,
Imbre Vodopića,Ulica Imbre Vodopića,,,,,,
Imena Isusova,Ulica Imena Isusova,,,,,,
Imre Nagya,Ulica Imre Nagya,,,,,,
Ing. Mirka Markovića,Ulica inženjera Mirka Markovića,,,,,,
Internacionalnih brigada,Ulica Internacionalnih brigada,,,,,,
Iseljenika,Ulica Iseljenika,,,,,,
Ispod sv. Lovre,Ispod svetog Lovre,,,,,,
Islandska,Islandska ulica,,,,,,
Istarska ul.,Istarska ulica,,,,,,
Istarske kontrade,Ulica Istarske kontrade,,,,,,
Istarskih narodnjaka,Ulica Istarskih narodnjaka,,,,,,
IV obalni prilaz,IV. obalni prilaz,,,,,,
IV odv. Stubičke ulice,IV. odvojak Stubičke ulice,,,,,,
IV odvojak Jankovićeve ulice,IV. odvojak Jankovićeve ulice,,,,,,
IV odvojak Krajske ulice,IV. odvojak Krajske ulice,,,,,,
IV odvojak ulice Franje Martinca,IV. odvojak ulice Franje Martinca,,,,,,
IV Rakitovec,IV. Rakitovec,,,,,,
IV ulica,IV. ulica,,,,,,
IV Vinogradski odvojak,IV. Vinogradski odvojak,,,,,,
IV. Industrijska ul.,IV. Industrijska ulica,,,,,,
Iva Dulčića,Ulica Iva Dulčića,,,,,,
Iva Račića,Ulica Iva Račića,,,,,,
Iva Vojnovića,Ulica Iva Vojnovića,,,,,,
Ivana Adamovića,Ulica Ivana Adamovića,,,,,,
Ivana Bakića,Ulica Ivana Bakića,,,,,,
Ivana bana Mažuranića,Ulica Ivana bana Mažuranića,,,,,,
Ivana Banjavčića,Ulica Ivana Banjavčića,,,,,,
Ivana Barača,Ulica Ivana Barača,,,,,,
Ivana Bonjaja,Ulica Ivana Bonjaja,,,,,,
Ivana Bučaka,Ulica Ivana Bučaka,,,,,,
Ivana Cankara,Ulica Ivana Cankara,,,,,,
Ivana Cimermana,Ulica Ivana Cimermana,,,,,,
Ivana Danila,Ulica Ivana Danila,,,,,,
Ivana Devića harambaše,Ulica Ivana Devića harambaše,,,,,,
Ivana Dežmana,Ulica Ivana Dežmana,,,,,,
Ivana Domca,Ulica Ivana Domca,,,,,,
Ivana Dončevića,Ulica Ivana Dončevića,,,,,,
Ivana Filipovića,Ulica Ivana Filipovića,,,,,,
Ivana Filipovića Grčića,Ulica Ivana Filipovića Grčića,,,,,,
Ivana Firkelja,Ulica Ivana Firkelja,,,,,,
Ivana Frana Gundulića,Ulica Ivana Frana Gundulića,,,,,,
Ivana Fuderera Hanzike,Ulica Ivana Fuderera Hanzike,,,,,,
Ivana Galinca-Cice,Ulica Ivana Galinca-Cice,,,,,,
Ivana Gorana Kovačića (Podvuka),Ulica Ivana Gorana Kovačića (Podvuka),,,,,,
Ivana Granđe,Ulica Ivana Granđe,,,,,,
Ivana Gregurića,Ulica Ivana Gregurića,,,,,,
Ivana Grohovca,Ulica Ivana Grohovca,,,,,,
Ivana Grpca Strinina,Ulica Ivana Grpca Strinina,,,,,,
Ivana Gundulića (Šapudl),Ulica Ivana Gundulića (Šapudl),,,,,,
Ivana Hangija,Ulica Ivana Hangija,,,,,,
Ivana Horvata - Bećara,Ulica Ivana Horvata Bećara,,,,,,
Ivana Horvata Bećara,Ulica Ivana Horvata Bećara,,,,,,
Ivana Horvatića,Ulica Ivana Horvatića,,,,,,
Ivana i Matka Baštijana,Ulica Ivana i Matka Baštijana,,,,,,
Ivana Jakovčića,Ulica Ivana Jakovčića,,,,,,
Ivana Jambrovića,Ulica Ivana Jambrovića,,,,,,
Ivana Janka Štromara,Ulica Ivana Janka Štromara,,,,,,
Ivana Katušića,Ulica Ivana Katušića,,,,,,
Ivana Kovača,Ulica Ivana Kovača,,,,,,
Ivana Kozarca,Ulica Ivana Kozarca,,,,,,
Ivana Kozarčanina,Ulica Ivana Kozarčanina,,,,,,
Ivana Krajačića,Ulica Ivana Krajačića,,,,,,
Ivana Kramarića,Ulica Ivana Kramarića,,,,,,
Ivana Krešana,Ulica Ivana Krešana,,,,,,
Ivana Kukuljevića,Ulica Ivana Kukuljevića,,,,,,
Ivana Kukuljevića Sakcinskog,Ulica Ivana Kukuljevića Sakcinskog,,,,,,
Ivana Lenca,Ulica Ivana Lenca,,,,,,
Ivana Lendića,Ulica Ivana Lendića,,,,,,
Ivana Lucića,Ulica Ivana Lucića,,,,,,
Ivana Luppisa,Ulica Ivana Luppisa,,,,,,
Ivana M. Jarnovića,Ulica Ivana Mane Jarnovića,,,,,,
Ivana Matetića Ronjgova,Ulica Ivana Matetića Ronjgova,,,,,,
Ivana Matijaševića,Ulica Ivana Matijaševića,,,,,,
Ivana Matkovića,Ulica Ivana Matkovića,,,,,,
Ivana Matrljana,Ulica Ivana Matrljana,,,,,,
Ivana Merza,Ulica Ivana Merza,,,,,,
Ivana Mesnera,Ulica Ivana Mesnera,,,,,,
Ivana Meštrovića odvojak,Ulica Ivana Meštrovića odvojak,,,,,,
Ivana Milčetića,Ulica Ivana Milčetića,,,,,,
Ivana Milčetića Matine,Ulica Ivana Milčetića Matine,,,,,,
Ivana Mrnavića,Ulica Ivana Mrnavića,,,,,,
Ivana Muljevića,Ulica Ivana Muljevića,,,,,,
Ivana Nepomuka Jemeršića,Ulica Ivana Nepomuka Jemeršića,,,,,,
Ivana Orlovića,Ulica Ivana Orlovića,,,,,,
Ivana Pahlića,Ulica Ivana Pahlića,,,,,,
Ivana Paližine,Ulica Ivana Paližne,,,,,,
Ivana Paližne,Ulica Ivana Paližne,,,,,,
Ivana Pavla drugog,Ulica Ivana Pavla drugog,,,,,,
Ivana Pavla II.,Ulica Ivana Pavla II.,,,,,,
Ivana Pavlovića-Lučića,Ulica Ivana Pavlovića-Lučića,,,,,,
Ivana Pernara,Ulica Ivana Pernara,,,,,,
Ivana Pilepića Franovičina,Ulica Ivana Pilepića Franovičina,,,,,,
Ivana pl. Zajca,Ulica Ivana plemenitog Zajca,,,,,,
Ivana Pribislavića,Ulica Ivana Pribislavića,,,,,,
Ivana Raosa,Ulica Ivana Raosa,,,,,,
Ivana Rendića,Ulica Ivana Rendića,,,,,,
Ivana Sancina,Ulica Ivana Sancina,,,,,,
Ivana Skomerže,Ulica Ivana Skomerže,,,,,,
Ivana Sušnja,Ulica Ivana Sušnja,,,,,,
Ivana Tišova,Ulica Ivana Tišova,,,,,,
Ivana Tomića,Ulica Ivana Tomića,,,,,,
Ivana Tomića Baje,Ulica Ivana Tomića Baje,,,,,,
Ivana Trnskog,Ulica Ivana Trnskog,,,,,,
Ivana Vajde,Ulica Ivana Vajde,,,,,,
Ivana viteza Trnskog,Ulica Ivana viteza Trnskog,,,,,,
Ivana Volodera,Ulica Ivana Volodera,,,,,,
Ivana Vončine,Ulica Ivana Vončine,,,,,,
Ivana Vranića,Ulica Ivana Vranića,,,,,,
Ivana Vučića,Ulica Ivana Vučića,,,,,,
Ivana Zadranina,Ulica Ivana Zadranina,,,,,,
Ivana Zapoljskog,Ulica Ivana Zapoljskog,,,,,,
Ivana Zavidića,Ulica Ivana Zavidića,,,,,,
Ivana Zocha,Ulica Ivana Zocha,,,,,,
Ivana Ćikovića Belog,Ulica Ivana Ćikovića Belog,,,,,,
Ivana Česmičkog,Ulica Ivana Česmičkog,,,,,,
Ivana Đanića,Ulica Ivana Đanića,,,,,,
Ivana Đuriševića,Ulica Ivana Đuriševića,,,,,,
Ivana Šimunića,Ulica Ivana Šimunića,,,,,,
Ivana Šveara,Ulica Ivana Šveara,,,,,,
Ivana Žbulja,Ulica Ivana Žbulja,,,,,,
Ivana Žorža,Ulica Ivana Žorža,,,,,,
Ivane Brlić - Mažuranić,Ulica Ivane Brlić Mažuranić,,,,,,
Ivane Brlić Mažuranić,Ulica Ivane Brlić Mažuranić,,,,,,
Ivanjska,Ivanjska ulica,,,,,,
Ivankova,Ivankova ulica,,,,,,
Ivanova,Ivanova ulica,,,,,,
Ivanovčanska,Ivanovčanska ulica,,,,,,
Ivanska,Ivanska ulica,,,,,,
Ive Andrića lijevi odvojak I,Ulica Ive Andrića lijevi odvojak I,,,,,,
Ive Andrića lijevi odvojak II,Ulica Ive Andrića lijevi odvojak II,,,,,,
Ive Andrića lijevi odvojak III,Ulica Ive Andrića lijevi odvojak III,,,,,,
Ive Balentovića,Ulica Ive Balentovića,,,,,,
Ive Družića,Ulica Ive Družića,,,,,,
Ive Grgića,Ulica Ive Grgića,,,,,,
Ive Jakšića,Ulica Ive Jakšića,,,,,,
Ive Kaline,Ulica Ive Kaline,,,,,,
Ive Kerdića,Ulica Ive Kerdića,,,,,,
Ive Kirigina,Ulica Ive Kirigina,,,,,,
Ive Križevića,Ulica Ive Križevića,,,,,,
Ive Lole Ribara I. prilaz,Ulica Ive Lole Ribara I. prilaz,,,,,,
Ive Lole Ribara II. prilaz,Ulica Ive Lole Ribara II. prilaz,,,,,,
Ive Lučić Deranje,Ulica Ive Lučić Deranje,,,,,,
Ive Markovića,Ulica Ive Markovića,,,,,,
Ive Miškulina,Ulica Ive Miškulina,,,,,,
Ive Ninića Ivasa,Ulica Ive Ninića Ivasa,,,,,,
Ive Pavlića,Ulica Ive Pavlića,,,,,,
Ive Senjanina,Ulica Ive Senjanina,,,,,,
Ive Tijardovića,Ulica Ive Tijardovića,,,,,,
Ive Valenta,Ulica Ive Valenta,,,,,,
Ive Vojnovića,Ulica Ive Vojnovića,,,,,,
Ive Zaninovića,Ulica Ive Zaninovića,,,,,,
Ive Čakalića,Ulica Ive Čakalića,,,,,,
Ive Čorkala,Ulica Ive Čorkala,,,,,,
Ive Šodića,Ulica Ive Šodića,,,,,,
Ivekovićeva,Ivekovićeva ulica,,,,,,
Ivice Cicvarića,Ulica Ivice Cicvarića,,,,,,
Ivice Cindrića,Ulica Ivice Cindrića,,,,,,
Ivice Gojaka,Ulica Ivice Gojaka,,,,,,
Ivice Hrnčevića,Ulica Ivice Hrnčevića,,,,,,
Ivice Pavića,Ulica Ivice Pavića,,,,,,
Ivice Perhata Ricića,Ulica Ivice Perhata Ricića,,,,,,
Ivice Vukičevića,Ulica Ivice Vukičevića,,,,,,
IX ulica,IX. ulica,,,,,,
Izidora Kršnjavog,Ulica Izidora Kršnjavog,,,,,,
Izidora Kršnjavoga,Ulica Izidora Kršnjavoga,,,,,,
Izviđačka,Izviđačka ulica,,,,,,
Izvorska,Izvorska ulica,,,,,,
Ištvana Vencela,Ulica Ištvana Vencela,,,,,,
J. bana Jelačića,Ulica Josipa bana Jelačića,,,,,,
J. Bedekovića,Ulica Josipa Bedekovića,,,,,,
J. H. Zdelara,Ulica Josipa Horvata Zdelara,,,,,,
J. J. Štrosmajera,Ulica Josipa Jurja Štrosmajera,,,,,,
J. Jurja Strossmayera,Ulica Josipa Jurja Strossmayera,,,,,,
J. Palmotića,Ulica Junija Palmotića,,,,,,
J. Ruđera Boškovića,Ulica Josipa Ruđera Boškovića,,,,,,
J. Slavenskog,Ulica Josipa Slavenskog,,,,,,
Jablanička,Jablanička ulica,,,,,,
Jadranska ul.,Jadranska ulica,,,,,,
Jagode Truhelke,Ulica Jagode Truhelke,,,,,,
Jahorinska,Jahorinska ulica,,,,,,
Jakljanska,Jakljanska ulica,,,,,,
Jakoba Užarevića,Ulica Jakoba Užarevića,,,,,,
Jakova Blaškovića,Ulica Jakova Blaškovića,,,,,,
Jakova Jurčića,Ulica Jakova Jurčića,,,,,,
Jakova Lukarevića,Ulica Jakova Lukarevića,,,,,,
Jakova Mihelčića,Ulica Jakova Mihelčića,,,,,,
Jakova Volčića,Ulica Jakova Volčića,,,,,,
Jakova Zadranina,Ulica Jakova Zadranina,,,,,,
Jakše Ravlića,Ulica Jakše Ravlića,,,,,,
Jamadolska,Jamadolska ulica,,,,,,
Jamska,Jamska ulica,,,,,,
Jana Bate,Ulica Jana Bate,,,,,,
Jana Masaryka,Ulica Jana Masaryka,,,,,,
Jana Žiška,Ulica Jana Žiška,,,,,,
Jandriševa,Jandriševa ulica,,,,,,
Janeza Trdine,Ulica Janeza Trdine,,,,,,
Janjevačka,Janjevačka ulica,,,,,,
Janjevska,Janjevska ulica,,,,,,
Janjinska,Janjinska ulica,,,,,,
Janka Draškovića,Ulica Janka Draškovića,,,,,,
Janka Juratovića,Ulica Janka Juratovića,,,,,,
Janka Jurkovića,Ulica Janka Jurkovića,,,,,,
Janka Matka,Ulica Janka Matka,,,,,,
Janka Polića Kamova,Ulica Janka Polića Kamova,,,,,,
Janka Ribara,Ulica Janka Ribara,,,,,,
Janka Rupčića,Ulica Janka Rupčića,,,,,,
Janka Stjepušina,Ulica Janka Stjepušina,,,,,,
Janka Tomića,Ulica Janka Tomića,,,,,,
Jankovačka,Jankovačka ulica,,,,,,
Janoša Totha,Ulica Janoša Totha,,,,,,
Janusa Pannoniusa,Ulica Janusa Pannoniusa,,,,,,
Jasenička,Jasenička ulica,,,,,,
Jaskanska,Jaskanska ulica,,,,,,
Javne dobrotvornosti,Ulica javne dobrotvornosti,,,,,,
Jedrarska,Jedrarska ulica,,,,,,
Jelačićeva,Jelačićeva ulica,,,,,,
Jelene Babić,Ulica Jelene Babić,,,,,,
Jelene Kotromanić,Ulica Jelene Kotromanić,,,,,,
Jelenska,Jelenska ulica,,,,,,
Jere Viskojca,Ulica Jere Viskojca,,,,,,
Jerka Ljubibratića,Ulica Jerka Ljubibratića,,,,,,
Jerka Machieda,Ulica Jerka Machieda,,,,,,
Jerka Zlatarića,Ulica Jerka Zlatarića,,,,,,
Jerkovačka,Jerkovačka ulica,,,,,,
Jerolima Bartučevića,Ulica Jerolima Bartučevića,,,,,,
Jerolima Miše,Ulica Jerolima Miše,,,,,,
Jeronima Mondelle,Ulica Jeronima Mondelle,,,,,,
Jezeranska,Jezeranska ulica,,,,,,
Jezerska,Jezerska ulica,,,,,,
Jezerskih pomoraca,Ulica jezerskih pomoraca,,,,,,
Joakima Hardija,Ulica Joakima Hardija,,,,,,
Joakima Rakovca,Ulica Joakima Rakovca,,,,,,
Joakima Tončića,Ulica Joakima Tončića,,,,,,
Jobova,Jobova ulica,,,,,,
Jocićeva,Jocićeva ulica,,,,,,
Johana Sebastiana Bacha,Ulica Johana Sebastiana Bacha,,,,,,
Jokai Mora,Ulica Jokai Mora,,,,,,
Joke Kneževića,Ulica Joke Kneževića,,,,,,
Jorgovanska,Jorgovanska ulica,,,,,,
Josifa Pančića,Ulica Josifa Pančića,,,,,,
Josifa Runjanina,Ulica Josifa Runjanina,,,,,,
Josipa Andrića,Ulica Josipa Andrića,,,,,,
Josipa Antuna Kraljića,Ulica Josipa Antuna Kraljića,,,,,,
Josipa Astaloša,Ulica Josipa Astaloša,,,,,,
Josipa Babogredca,Ulica Josipa Babogredca,,,,,,
Josipa Barkovića,Ulica Josipa Barkovića,,,,,,
Josipa Bačoke,Ulica Josipa Bačoke,,,,,,
Josipa Bašića,Ulica Josipa Bašića,,,,,,
Josipa Berse,Ulica Josipa Berse,,,,,,
Josipa Blažekovića,Ulica Josipa Blažekovića,,,,,,
Josipa Blaževića - Blaža,Ulica Josipa Blaževića - Blaža,,,,,,
Josipa Bognera,Ulica Josipa Bognera,,,,,,
Josipa Božičevića,Ulica Josipa Božičevića,,,,,,
Josipa Buturca,Ulica Josipa Buturca,,,,,,
Josipa Bösendorfera,Ulica Josipa Bösendorfera,,,,,,
Josipa Cazija,Ulica Josipa Cazija,,,,,,
Josipa Eugena Tomića,Ulica Josipa Eugena Tomića,,,,,,
Josipa Filipovića,Ulica Josipa Filipovića,,,,,,
Josipa Freudenreicha,Ulica Josipa Freudenreicha,,,,,,
Josipa Glasera,Ulica Josipa Glasera,,,,,,
Josipa Glibušića,Ulica Josipa Glibušića,,,,,,
Josipa i Dinka Buzolića,Ulica Josipa i Dinka Buzolića,,,,,,
Josipa Ivančića,Ulica Josipa Ivančića,,,,,,
Josipa J. Strossmayera,Ulica Josipa Jurja Strossmayera,,,,,,
Josipa J. Štrosmajera,Ulica Josipa Jurja Štrosmajera,,,,,,
Josipa Jovića,Ulica Josipa Jovića,,,,,,
Josipa Jurja Štrosmajera,Ulica Josipa Jurja Štrosmajera,,,,,,
Josipa Kašmana,Ulica Josipa Kašmana,,,,,,
Josipa Kneževića,Ulica Josipa Kneževića,,,,,,
Josipa Knytla,Ulica Josipa Knytla,,,,,,
Josipa Kosora,Ulica Josipa Kosora,,,,,,
Josipa Krašteka,Ulica Josipa Krašteka,,,,,,
Josipa Kulfaneka,Ulica Josipa Kulfaneka,,,,,,
Josipa Kundeka,Ulica Josipa Kundeka,,,,,,
Josipa Langa,Ulica Josipa Langa,,,,,,
Josipa Lenca Spodolčeva,Ulica Josipa Lenca Spodolčeva,,,,,,
Josipa Lovretića,Ulica Josipa Lovretića,,,,,,
Josipa Martinca,Ulica Josipa Martinca,,,,,,
Josipa Marčeca,Ulica Josipa Marčeca,,,,,,
Josipa Matasovića,Ulica Josipa Matasovića,,,,,,
Josipa Matačića,Ulica Josipa Matačića,,,,,,
Josipa Mažuranića,Ulica Josipa Mažuranića,,,,,,
Josipa Mencina,Ulica Josipa Mencina,,,,,,
Josipa Meštrovića,Ulica Josipa Meštrovića,,,,,,
Josipa Miškatovića,Ulica Josipa Miškatovića,,,,,,
Josipa Mohorića,Ulica Josipa Mohorića,,,,,,
Josipa Muževića,Ulica Josipa Muževića,,,,,,
Josipa Nemeca,Ulica Josipa Nemeca,,,,,,
Josipa Pančića,Ulica Josipa Pančića,,,,,,
Josipa Pavića,Ulica Josipa Pavića,,,,,,
Josipa Pavičića,Ulica Josipa Pavičića,,,,,,
Josipa Paviševića,Ulica Josipa Paviševića,,,,,,
Josipa Perića,Ulica Josipa Perića,,,,,,
Josipa Peričića (prosvjetitelja),Ulica Josipa Peričića preporoditelja,,,,,,https://www.mapillary.com/app/?pKey=1857318451409026&focus=photo
Josipa Pleše,Ulica Josipa Pleše,,,,,,
Josipa Poljaka,Ulica Josipa Poljaka,,,,,,
Josipa Pupačića,Ulica Josipa Pupačića,,,,,,
Josipa Račića,Ulica Josipa Račića,,,,,,
Josipa Resteka,Ulica Josipa Resteka,,,,,,
Josipa Rukavine,Ulica Josipa Rukavine,,,,,,
Josipa Salvadora,Ulica Josipa Salvadora,,,,,,
Josipa Schlossera,Ulica Josipa Schlossera,,,,,,
Josipa Senića-Pepe,Ulica Josipa Senića-Pepe,,,,,,
Josipa Slade,Ulica Josipa Slade,,,,,,
Josipa Slavenskog,Ulica Josipa Slavenskog,,,,,,
Josipa Stipana Reljkovića,Ulica Josipa Stipana Reljkovića,,,,,,
Josipa Torbara,Ulica Josipa Torbara,,,,,,
Josipa Završnika,Ulica Josipa Završnika,,,,,,
Josipa Đuzela,Ulica Josipa Đuzela,,,,,,
Josipa Šarinića,Ulica Josipa Šarinića,,,,,,
Josipa Šipuša,Ulica Josipa Šipuša,,,,,,
Josipa Šokčevića,Ulica Josipa Šokčevića,,,,,,
Josipa Štolcera Slavenskog,Ulica Josipa Štolcera Slavenskog,,,,,,
Josipova,Josipova ulica,,,,,,
Jovana Jovanovića Zmaja,Ulica Jovana Jovanovića Zmaja,,,,,,
Jovana Perajlića,Ulica Jovana Perajlića,,,,,,
Jove Jovanovića - Zmaja,Ulica Jove Jovanovića - Zmaja,,,,,,
Jove Jovanovića Zmaja,Ulica Jove Jovanovića Zmaja,,,,,,
Jove Mamule,Ulica Jove Mamule,,,,,,
Jove Stojanovića Brice,Ulica Jove Stojanovića Brice,,,,,,
Jovice Matina,Ulica Jovice Matina,,,,,,
Jovićeva,Jovićeva ulica,,,,,,
Joza Orebića,Ulica Joza Orebića,,,,,,
Joza Šunja,Ulica Joza Šunja,,,,,,
Joze Ivakića,Ulica Joze Ivakića,,,,,,
Joze Jande,Ulica Joze Jande,,,,,,
Joze Kljakovića,Ulica Joze Kljakovića,,,,,,
Jozefa Bartelmusa,Ulica Jozefa Bartelmusa,,,,,,
Jozefa Maliaka,Ulica Jozefa Maliaka,,,,,,
Jozsefa Antala,Ulica Jozsefa Antala,,,,,,
Joška Matkovića,Ulica Joška Matkovića,,,,,,
Joška Ćaćića Bega,Ulica Joška Ćaćića Bega,,,,,,
Jože Gabrovšeka,Ulica Jože Gabrovšeka,,,,,,
Jože Vlahovića,Ulica Jože Vlahovića,,,,,,
Julesa Vernea,Ulica Julesa Vernea,,,,,,
Julija Benešića,Ulica Julija Benešića,,,,,,
Julija Kempfa,Ulica Julija Kempfa,,,,,,
Julija Klovića,Ulica Julija Klovića,,,,,,
Julija Tomića,Ulica Julija Tomića,,,,,,
Junaka Vukovara,Ulica Junaka Vukovara,,,,,,
Junija Palmotića,Ulica Junija Palmotića,,,,,,
Jurajčeva,Jurajčeva ulica,,,,,,
Jurasova,Jurasova ulica,,,,,,
Jure Foretića,Ulica Jure Foretića,,,,,,
Jure Kaštelana,Ulica Jure Kaštelana,,,,,,
Jure Turića,Ulica Jure Turića,,,,,,
Jure Turka,Ulica Jure Turka,,,,,,
Jure Turka odvojak,Ulica Jure Turka odvojak,,,,,,
Jurice Jerčića,Ulica Jurice Jerčića,,,,,,
Jurice Muraia,Ulica Jurice Muraia,,,,,,
Jurišićeva,Jurišićeva ulica,,,,,,
Jurja Barakovića,Ulica Jurja Barakovića,,,,,,
Jurja Dobrile,Ulica Jurja Dobrile,,,,,,
Jurja Gašparca,Ulica Jurja Gašparca,,,,,,
Jurja Haulika,Ulica Jurja Haulika,,,,,,
Jurja Klovića,Ulica Jurja Klovića,,,,,,
Jurja Kostice,Ulica Jurja Kostice,,,,,,
Jurja Križanića,Ulica Jurja Križanića,,,,,,
Jurja Lumbura,Ulica Jurja Lumbura,,,,,,
Jurja Matasovića,Ulica Jurja Matasovića,,,,,,
Jurja Petrovića,Ulica Jurja Petrovića,,,,,,
Jurja Utješinovića,Ulica Jurja Utješinovića,,,,,,
Jurja Šižgorića,Ulica Jurja Šižgorića,,,,,,
Jurja Štrosmajera,Ulica Jurja Štrosmajera,,,,,,
Jurja Šubića,Ulica Jurja Šubića,,,,,,
Jurja Šuteja,Ulica Jurja Šuteja,,,,,,
Jurjeva,Jurjeva ulica,,,,,,
Kalnička,Kalnička ulica,,,,,,
Kalnička ul.,Kalnička ulica,,,,,,
Kamenolomska,Kamenolomska ulica,,,,,,
Kanalska,Kanalska ulica,,,,,,
Kanonika Josipa Jurinovića,Ulica kanonika Josipa Jurinovića,,,,,,
Kanonika Jurice Vardiola,Ulica kanonika Jurice Vardiola,,,,,,
Kanovačka,Kanovačka ulica,,,,,,
Kapelička,Kapelička ulica,,,,,,
Kapelska,Kapelska ulica,,,,,,
Kapetana Lazarića,Ulica kapetana Lazarića,,,,,,
Kapetana Nikole Draže,Ulica kapetana Nikole Draže,,,,,,
Kapetana Tome Sinovčića,Ulica kapetana Tome Sinovčića,,,,,,
Kapitana Jerolima Bakića,Ulica Kapitana Jerolima Bakića,,,,,,
Kapićeva,Kapićeva ulica,,,,,,
Kaprijska,Kaprijska ulica,,,,,,
Kapucinska polj.,Kapucinska poljana,,,,,,
Karamanova,Karamanova ulica,,,,,,
Karasova,Karasova ulica,,,,,,
Karašička,Karašička ulica,,,,,,
Kard. Alojzija Stepinca,Ulica kardinala Alojzija Stepinca,,,,,,
Kardinala Alojza Stepinca,Ulica kardinala Alojza Stepinca,,,,,,
Kardinala Franje Kuharića,Ulica kardinala Franje Kuharića,,,,,,
Kardinala Franje Šepera,Ulica kardinala Franje Šepera,,,,,,
Kardinala Stepinca,Ulica kardinala Stepinca,,,,,,
Karla Dieneša,Ulica Karla Dieneša,,,,,,
Karla Stojakovića,Ulica Karla Stojakovića,,,,,,
Karla Svobode,Ulica Karla Svobode,,,,,,
Karla Vipauca,Ulica Karla Vipauca,,,,,,
Karla Vodopića,Ulica Karla Vodopića,,,,,,
Karlićeva,Karlićeva ulica,,,,,,
Karlobaška ul.,Karlobaška ulica,,,,,,
Karlović Vinka,Ulica Karlović Vinka,,,,,,
Karola Woytile,Ulica Karola Woytile,,,,,,
Kastavska,Kastavska ulica,,,,,,
Katarine Kotromanić,Ulica Katarine Kotromanić,,,,,,
Katarine Kotromanić - Kosače,Ulica Katarine Kotromanić - Kosače,,,,,,
Katunarićeva,Katunarićeva ulica,,,,,,
Kazimira Ostrogovića,Ulica Kazimira Ostrogovića,,,,,,
Kaznačićeva,Kaznačićeva ulica,,,,,,
Kačića-Miošića fra A.,Ulica fra Andrije Kačića Miošića,,,,,,
Kačićeva,Kačićeva ulica,,,,,,
Kašićeva,Kašićeva ulica,,,,,,
Kaštelanova,Kaštelanova ulica,,,,,,
Kaštelanska,Kaštelanska ulica,,,,,,
Kažimira Ljubića,Ulica Kažimira Ljubića,,,,,,
Kešinačka,Kešinačka ulica,,,,,,
Kipara Ivana Rendića,Ulica kipara Ivana Rendića,,,,,,
Kipara Meštrovića,Ulica kipara Meštrovića,,,,,,
Kipara Rendića,Ulica kipara Rendića,,,,,,
Kiš Ferenca,Ulica Kiš Ferenca,,,,,,
Klaićeva,Klaićeva ulica,,,,,,
Klajićeva,Klajićeva ulica,,,,,,
Klarina,Klarina ulica,,,,,,
Klarićeva,Klarićeva ulica,,,,,,
Klinčaselska,Klinčaselska ulica,,,,,,
Kliševska,Kliševska ulica,,,,,,
Kliških uskoka,Ulica kliških uskoka,,,,,,
Kljakovićeva,Kljakovićeva ulica,,,,,,
Klokočevačka,Klokočevačka ulica,,,,,,
Klovićeva,Klovićeva ulica,,,,,,
Knez. Šubića Bribirskih,Ulica knezova Šubića Bribirskih,,,,,,
Kneza Berigoja,Ulica kneza Berigoja,,,,,,
Kneza Borne,Ulica kneza Borne,,,,,,
Kneza Damjana Jude,Ulica kneza Damjana Jude,,,,,,
Kneza Hrvaša,Ulica kneza Hrvaša,,,,,,
Kneza Ivana Čovića,Ulica kneza Ivana Čovića,,,,,,
Kneza Ljudevita Posavskog,Ulica kneza Ljudevita Posavskog,,,,,,
Kneza Mutimira,Ulica kneza Mutimira,,,,,,
Kneza Ninoslava,Ulica kneza Ninoslava,,,,,,
Kneza Višeslava,Ulica kneza Višeslava,,,,,,
Kneza Zdeslava,Ulica kneza Zdeslava,,,,,,
Knezova Kačića,Ulica knezova Kačića,,,,,,
Knezova Morovićki,Ulica knezova Morovićki,,,,,,
Kneževa,Kneževa ulica,,,,,,
Kninska,Kninska ulica,,,,,,
Kninska ul.,Kninska ulica,,,,,,
Kninske bojne,Ulica Kninske bojne,,,,,,
Kninskih biskupa,Ulica kninskih biskupa,,,,,,
Kod crkve sv. Jure,Kod crkve svetog Jure,,,,,,
Kod crkve sv. Luka kat.,Kod crkve sveti Luka katoličke,,,,,,
Kod crkve sv. Luka prav.,Kod crkve sveti Luka pravoslavne,,,,,,
Kod crkve sv. Đurađ,Kod crkve sveti Đurađ,,,,,,
Kod kapele sv. Roka,Kod kapele svetog Roka,,,,,,
Kod sv. Ante,Kod svetog Ante,,,,,,
Kod sv. Luke,Kod svetog Luke,,,,,,
Kod sv. Mandaline,Kod svete Mandaline,,,,,,
Kod sv. Nedelje uz cestu,Kod svete Nedelje uz cestu,,,,,,
Kod sv. Petra,Kod svetog Petra,,,,,,
Kod sv. Roka,Kod svetog Roka,,,,,,
Kod želj. postaje,Kod željezničke postaje,,,,,,
Kokinačkih žrtava,Ulica Kokinačkih žrtava,,,,,,
Kolarska,Kolarska ulica,,,,,,
Kolombatovićevo šet.,Kolombatovićevo šetalište,,,,,,
Kolovaroška,Kolovaroška ulica,,,,,,
Koločepska,Koločepska ulica,,,,,,
Koludraška ul.,Koludraška ulica,,,,,,
Kominska,Kominska ulica,,,,,,
Komolačka,Komolačka ulica,,,,,,
Kompesova,Kompesova ulica,,,,,,
Kompesova drugi odvojak,Kompesova ulica drugi odvojak,,,,,,
Konavoska,Konavoska ulica,,,,,,
Konstantina Peičića,Ulica Konstantina Peičića,,,,,,
Koranska,Koranska ulica,,,,,,
Koranska ul.,Koranska ulica,,,,,,
Kordunaška,Kordunaška ulica,,,,,,
Kordunska,Kordunska ulica,,,,,,
Kornatska,Kornatska ulica,,,,,,
Kornatska ul.,Kornatska ulica,,,,,,
Kosinjska,Kosinjska ulica,,,,,,
Kostanjička,Kostanjička ulica,,,,,,
Koste Gajića,Ulica Koste Gajića,,,,,,
Koste Racina,Ulica Koste Racina,,,,,,
Koste Strajnića,Ulica Koste Strajnića,,,,,,
Kostrenskih boraca,Ulica kostrenskih boraca,,,,,,
Kotorska,Kotorska ulica,,,,,,
Kotrmanova,Kotrmanova ulica,,,,,,
Kovačeva,Kovačeva ulica,,,,,,
Kovačića I. G.,Ulica Ivana Gorana Kovačića,,,,,,
Kovačića Ivana Gorana,Ulica Ivana Gorana Kovačića,,,,,,
Kozaračka,Kozaračka ulica,,,,,,
Kozarčeva ul.,Kozarčeva ulica,,,,,,
Kozjačka ul.,Kozjačka ulica,,,,,,
Košljunska,Košljunska ulica,,,,,,
Kožarska,Kožarska ulica,,,,,,
Kraj sv. Duje,Kraj svetog Duje,,,,,,
Kraj sv. Ivana,Kraj svetog Ivana,,,,,,
Kraj sv. Luke,Kraj svetog Luke,,,,,,
Kraj Sv. Marije,Kraj svete Marije,,,,,,
Kraj sv. Nikole,Kraj svetog Nikole,,,,,,
Krajiška,Krajiška ulica,,,,,,
Kralja Krešimira,Ulica kralja Krešimira,,,,,,
Kralja Krešimira I,Ulica kralja Krešimira I.,,,,,,
Kralja Krešimira II,Ulica kralja Krešimira II.,,,,,,
Kralja Krešimira IV,Ulica kralja Krešimira IV.,,,,,,
Kralja P. Krešimira IV,Ulica kralja Petra Krešimira IV.,,,,,,
Kralja Petra Krešimira,Ulica kralja Petra Krešimira,,,,,,
Kralja Petra Krešimira IV.,Ulica kralja Petra Krešimira IV.,,,,,,
Kralja Stjepana Držislava,Ulica kralja Stjepana Držislava,,,,,,
Kralja Stjepana Tomaševića,Ulica kralja Stjepana Tomaševića,,,,,,
Kralja Tomislava odvojak I,Ulica kralja Tomislava odvojak I,,,,,,
Kralja Tomislava odvojak II,Ulica kralja Tomislava odvojak II,,,,,,
Kralja Tomislava odvojak III,Ulica kralja Tomislava odvojak III,,,,,,
Kraljeva,Kraljeva ulica,,,,,,
Kraljice Jelene,Ulica kraljice Jelene,,,,,,
Kraljice mira,Ulica kraljice mira,,,,,,
Krapanjska,Krapanjska ulica,,,,,,
Krapanjskih spužvara,Ulica krapanjskih spužvara,,,,,,
Krapinska,Krapinska ulica,,,,,,
Krapinska ul.,Krapinska ulica,,,,,,
Kratka,Kratka ulica,,,,,,
Krbavska,Krbavska ulica,,,,,,
Krbavska ul.,Krbavska ulica,,,,,,
Krešimira Ćosića,Ulica Krešimira Ćosića,,,,,,
Križanićeva,Križanićeva ulica,,,,,,
Križevačka,Križevačka ulica,,,,,,
Križevačka ul.,Križevačka ulica,,,,,,
Krležina,Krležina ulica,,,,,,
Krmpotska,Krmpotska ulica,,,,,,
Krojačka,Krojačka ulica,,,,,,
Krste Hegedušića,Ulica Krste Hegedušića,,,,,,
Krste Odaka,Ulica Krste Odaka,,,,,,
Krste Špoljara,Ulica Krste Špoljara,,,,,,
Krstulovića,Ulica Krstulovića,,,,,,
Krunoslava Tkalca,Ulica Krunoslava Tkalca,,,,,,
Kruševačka,Kruševačka ulica,,,,,,
Kružićeva,Kružićeva ulica,,,,,,
Kružna,Kružna ulica,,,,,,
Krčka ul.,Krčka ulica,,,,,,
Kršanska,Kršanska ulica,,,,,,
Kršinićeva,Kršinićeva ulica,,,,,,
Kudeljarska,Kudeljarska ulica,,,,,,
Kukočeva,Kukočeva ulica,,,,,,
Kukuljevićeva,Kukuljevićeva ulica,,,,,,
Kulina bana,Ulica Kulina bana,,,,,,
Kumičićeva,Kumičićeva ulica,,,,,,
Kunićeva,Kunićeva ulica,,,,,,
Kunska,Kunska ulica,,,,,,
Kupališna,Kupališna ulica,,,,,,
Kupreška,Kupreška ulica,,,,,,
Kupska ul.,Kupska ulica,,,,,,
Kutinska,Kutinska ulica,,,,,,
Kutjevačka,Kutjevačka ulica,,,,,,
Kutjevačke satnije,Ulica kutjevačke satnije,,,,,,
Kuzmanićeva,Kuzmanićeva ulica,,,,,,
Kvarnerska ul.,Kvarnerska ulica,,,,,,
Kvaternikova,Kvaternikova ulica,,,,,,
Labinska,Labinska ulica,,,,,,
Lackovička,Lackovička ulica,,,,,,
Ladislava Maričića,Ulica Ladislava Maričića,,,,,,
Ladislavska,Ladislavska ulica,,,,,,
Laginjina,Laginjina ulica,,,,,,
Lakmartinska,Lakmartinska ulica,,,,,,
Lapovačka,Lapovačka ulica,,,,,,
Lasan Ante Kabalera,Ulica Lasan Ante Kabalera,,,,,,
Lastovska,Lastovska ulica,,,,,,
Lastovska ul.,Lastovska ulica,,,,,,
Lavoslava Ružičke,Ulica Lavoslava Ružičke,,,,,,
Lazaretska,Lazaretska ulica,,,,,,
Lađarska,Lađarska ulica,,,,,,
Ledenička,Ledenička ulica,,,,,,
Leopolda Mandića,Ulica Leopolda Mandića,,,,,,
Leopolda Supančića,Ulica Leopolda Supančića,,,,,,
Letinačka,Letinačka ulica,,,,,,
Liburnijska,Liburnijska ulica,,,,,,
Liburnska,Liburnska ulica,,,,,,
Lijevi odv. Mat. Gupca,Lijevi odvojak Matije Gupca,,,,,,
Limska,Limska ulica,,,,,,
Lina Bolmarčića,Ulica Lina Bolmarčića,,,,,,
Linićeva,Linićeva ulica,,,,,,
Lipanjska,Lipanjska ulica,,,,,,
Lipauska,Lipauska ulica,,,,,,
Lipička,Lipička ulica,,,,,,
Lipovačka,Lipovačka ulica,,,,,,
Lipovečka,Lipovečka ulica,,,,,,
Lisinskoga,Ulica Lisinskoga,,,,,,
Livanjska,Livanjska ulica,,,,,,
Liče Faraguna,Ulica Liče Faraguna,,,,,,
Lička,Lička ulica,,,,,,
Lička ul.,Lička ulica,,,,,,
Lišanjska,Lišanjska ulica,,,,,,
Lišanska,Lišanska ulica,,,,,,
Lj. Gaja,Ulica Ljudevita Gaja,,,,,,
Ljeskovačka,Ljeskovačka ulica,,,,,,
Ljuba Babića,Ulica Ljuba Babića,,,,,,
Ljubačka ul.,Ljubačka ulica,,,,,,
Ljube Babića,Ulica Ljube Babića,,,,,,
Ljube Stipanića,Ulica Ljube Stipanića,,,,,,
Ljubićeva,Ljubićeva ulica,,,,,,
Ljubljanska,Ljubljanska ulica,,,,,,
Ljubuška,Ljubuška ulica,,,,,,
Ljudevita Gaja (Šlezija),Ulica Ljudevita Gaja (Šlezija),,,,,,
Ljudevita Jonkea,Ulica Ljudevita Jonkea,,,,,,
Ljudevita Matešića,Ulica Ljudevita Matešića,,,,,,
Ljudevita Modeca,Ulica Ljudevita Modeca,,,,,,
Ljudevita Rossia,Ulica Ljudevita Rossia,,,,,,
Ljudevita Šestića,Ulica Ljudevita Šestića,,,,,,
Ljudevita Štura,Ulica Ljudevita Štura,,,,,,
Lokrumska,Lokrumska ulica,,,,,,
Lokvarska,Lokvarska ulica,,,,,,
Lomnička,Lomnička ulica,,,,,,
Lomovska,Lomovska ulica,,,,,,
Lonjska,Lonjska ulica,,,,,,
Lonjska ul.,Lonjska ulica,,,,,,
Lopudska,Lopudska ulica,,,,,,
Lornjina,Lornjina ulica,,,,,,
Lovaska,Lovaska ulica,,,,,,
Lovačka,Lovačka ulica,,,,,,
Lovinačka,Lovinačka ulica,,,,,,
Lovra Matačića,Ulica Lovra Matačića,,,,,,
Lovranska,Lovranska ulica,,,,,,
Lovre Matačića,Ulica Lovre Matačića,,,,,,
Lovretska,Lovretska ulica,,,,,,
Lovranska,Lovranska ulica,,,,,,
Lovre Matačića,Ulica Lovre Matačića,,,,,,
Lovretska,Lovretska ulica,,,,,,
Lovska,Lovska ulica,,,,,,
Lošinjska ul.,Lošinjska ulica,,,,,,
Lošinjskih brodograditelja,Ulica lošinjskih brodograditelja,,,,,,
Lošinjskih pomoraca,Ulica lošinjskih pomoraca,,,,,,
Ložiških iseljenika,Ulica ložiških iseljenika,,,,,,
Lubarska,Lubarska ulica,,,,,,
Lubenička,Lubenička ulica,,,,,,
Lucijana Vranjanina,Ulica Lucijana Vranjanina,,,,,,
Lucićeva,Lucićeva ulica,,,,,,
Ludmila Rogovskog,Ulica Ludmila Rogovskog,,,,,,
Luigi Dallapiccola,Ulica Luigi Dallapiccola,,,,,,
Luja Adamiča,Ulica Luja Adamiča,,,,,,
Luje Maruna,Ulica Luje Maruna,,,,,,
Lukavečka,Lukavečka ulica,,,,,,
Lukačićeva,Lukačićeva ulica,,,,,,
Luke Botića,Ulica Luke Botića,,,,,,
Luke Sorkočevića,Ulica Luke Sorkočevića,,,,,,
Luke Turata,Ulica Luke Turata,,,,,,
Luke Šokčević Šaljapin,Ulica Luke Šokčević Šaljapin,,,,,,
Lukovdolska,Lukovdolska ulica,,,,,,
Lukše Beritića,Ulica Lukše Beritića,,,,,,
Lulićeva,Lulićeva ulica,,,,,,
Lučićeva,Lučićeva ulica,,,,,,
Lučka,Lučka ulica,,,,,,
M. A. Reljkovića,Ulica Matije Antuna Reljkovića,,,,,,
M. Antuna Reljkovića,Ulica Matije Antuna Reljkovića,,,,,,
M. Celestina Medovića,Ulica Mate Celestina Medovića,,,,,,
M. Gojsalić,Ulica Mile Gojsalić,,,,,,
M. J. Zagorke,Ulica Marije Jurić Zagorke,,,,,,
M. Krleže,Ulica Miroslava Krleže,,,,,,
M. P. Miškine,Ulica Mihovila Pavleka Miškine,,,,,,
M. Pavleka Miškine,Ulica Mihovila Pavleka Miškine,,,,,,
Mace Medarić,Ulica Mace Medarić,,,,,,
Maestra Đela Jusića,Ulica maestra Đela Jusića,,,,,,
Magistralna ul.,Magistralna ulica,,,,,,
Majdanska,Majdanska ulica,,,,,,
Maje Strozzi,Ulica Maje Strozzi,,,,,,
Majke Tereze,Ulica Majke Tereze,,,,,,
Majke Terezije,Ulica Majke Terezije,,,,,,
Majkovska,Majkovska ulica,,,,,,
Majstora Jurja,Ulica Majstora Jurja,,,,,,
Majstorska,Majstorska ulica,,,,,,
Majurska,Majurska ulica,,,,,,
Maka Dizdara,Ulica Maka Dizdara,,,,,,
Makanca Milana,Ulica Makanca Milana,,,,,,
Makarska,Makarska ulica,,,,,,
Makarskih iseljenika,Ulica Makarskih iseljenika,,,,,,
Makavska,Makavska ulica,,,,,,
Makedonska,Makedonska ulica,,,,,,
Makse Kuntarića,Ulica Makse Kuntarića,,,,,,
Maksima Gorkog,Ulica Maksima Gorkog,,,,,,
Maksimilijana Benkovića,Ulica Maksimilijana Benkovića,,,,,,
Maksimilijana Vrhovca,Ulica Maksimilijana Vrhovca,,,,,,
Mala,Mala ulica,,,,,,
Malogorička,Malogorička ulica,,,,,,
Manastirska,Manastirska ulica,,,,,,
Mandalenska,Mandalenska ulica,,,,,,
Mandaljenska,Mandaljenska ulica,,,,,,
Mandarinska,Mandarinska ulica,,,,,,
Mandićeva,Mandićeva ulica,,,,,,
Manojlova,Manojlova ulica,,,,,,
Manuška polj.,Manuška poljana,,,,,,
Manđerova,Manđerova ulica,,,,,,
Marangunićevo šet.,Marangunićevo šetalište,,,,,,
Marcela Gorupa,Ulica Marcela Gorupa,,,,,,
Maria Gennaria,Ulica Maria Gennaria,,,,,,
Maria Špilera,Ulica Maria Špilera,,,,,,
Mariborska,Ulica Mariborska,,,,,,
Marice Broznić,Ulica Marice Broznić,,,,,,
Marice Stanković,Ulica Marice Stanković,,,,,,
Marija Juračića,Ulica Marija Juračića,,,,,,
Marija Marinculića,Ulica Marija Marinculića,,,,,,
Marija Martinolića,Ulica Marija Martinolića,,,,,,
Marija Perića,Ulica Marija Perića,,,,,,
Marija Trošt,Ulica Marija Trošt,,,,,,
Marijana Blažića,Ulica Marijana Blažića,,,,,,
Marijana Butkovića,Ulica Marijana Butkovića,,,,,,
Marijana Celjaka P/N,Ulica Marijana Celjaka preko nasipa,,,,,,
Marijana Grdovića,Ulica Marijana Grdovića,,,,,,
Marijana Jurkovića,Ulica Marijana Jurkovića,,,,,,
Marijana Lanosovića,Ulica Marijana Lanosovića,,,,,,
Marijana Lončara,Ulica Marijana Lončara,,,,,,
Marijana Matijaševića,Ulica Marijana Matijaševića,,,,,,
Marijana Stepčića,Ulica Marijana Stepčića,,,,,,
Marijana Vičića,Ulica Marijana Vičića,,,,,,
Marijanska,Marijanska ulica,,,,,,
Marije Grbac,Ulica Marije Grbac,,,,,,
Marije Jurić-Zagorke,Ulica Marije Jurić Zagorke,,,,,,
Marije Petković,Ulica Marije Petković,,,,,,
Marije Steyskalove,Ulica Marije Steyskalove,,,,,,
Marina Držića odvojak I,Ulica Marina Držića odvojak I,,,,,,
Marina Držića odvojak II,Ulica Marina Držića odvojak II,,,,,,
Marina Držića odvojak III,Ulica Marina Držića odvojak III,,,,,,
Marina Držića odvojak IV,Ulica Marina Držića odvojak IV,,,,,,
Marina Franičevića,Ulica Marina Franičevića,,,,,,
Marina Gazarovića,Ulica Marina Gazarovića,,,,,,
Marina Getaldića,Ulica Marina Getaldića,,,,,,
Marina Jakominića,Ulica Marina Jakominića,,,,,,
Marina Kneževića,Ulica Marina Kneževića,,,,,,
Marina Čirjaka,Ulica Marina Čirjaka,,,,,,
Marinka Šimunac, Ulica Marinka Šimunca,,,,,,
Marka Antića,Ulica Marka Antića,,,,,,
Marka Burića,Ulica Marka Burića,,,,,,
Marka Gjaje,Ulica Marka Gjaje,,,,,,
Marka Kovača,Ulica Marka Kovača,,,,,,
Marka Križevčanina,Ulica Marka Križevčanina,,,,,,
Marka Marića,Ulica Marka Marića,,,,,,
Marka Marojice,Ulica Marka Marojice,,,,,,
Marka Marova,Ulica Marka Marova,,,,,,
Marka Mutaje,Ulica Marka Mutaje,,,,,,
Marka Mušnjaka,Ulica Marka Mušnjaka,,,,,,
Marka Oreškovića,Ulica Marka Oreškovića,,,,,,
Marka Oršolića,Ulica Marka Oršolića,,,,,,
Marka Papka,Ulica Marka Papka,,,,,,
Marka Tajnika,Ulica Marka Tajnika,,,,,,
Marka Uvodića,Ulica Marka Uvodića,,,,,,
Marka Vučkovića,Ulica Marka Vučkovića,,,,,,
Marka Vuškovića,Ulica Marka Vuškovića,,,,,,
Marka Ćaćića,Ulica Marka Ćaćića,,,,,,
Marka Škovrlja,Ulica Marka Škovrlja,,,,,,
Markočeva,Markočeva ulica,,,,,,
Marmontova,Marmontova ulica,,,,,,
Marohnićeva,Marohnićeva ulica,,,,,,
Marojice Kaboge,Ulica Marojice Kaboge,,,,,,
Marovićeva,Marovićeva ulica,,,,,,
Marovska,Marovska ulica,,,,,,
Maroša Trconića,Ulica Maroša Trconića,,,,,,
Martina Benetovića,Ulica Martina Benetovića,,,,,,
Martina Borkovića,Ulica Martina Borkovića,,,,,,
Martina Frankopana,Ulica Martina Frankopana,,,,,,
Martina Humljana,Ulica Martina Humljana,,,,,,
Martina Juranovića,Ulica Martina Juranovića,,,,,,
Martina Klarina,Ulica Martina Klarina,,,,,,
Martina Kolunića,Ulica Martina Kolunića,,,,,,
Martina Kontuša,Ulica Martina Kontuša,,,,,,
Martina Martića,Ulica Martina Martića,,,,,,
Martina Milaka,Ulica Martina Milaka,,,,,,
Martina Pušteka,Ulica Martina Pušteka,,,,,,
Martinska,Martinska ulica,,,,,,
Martićeva,Martićeva ulica,,,,,,
Marulićeva,Marulićeva ulica,,,,,,
Masarikova,Masarikova ulica,,,,,,
Masarykova,Masarykova ulica,,,,,,
Maslenica Obala Rustine,Obala Rustine,,,,,,
Maslenica Ulica Alojzija Stepinca,Ulica Alojzija Stepinca,,,,,,
Maslenica Ulica Ante Starčevića,Ulica Ante Starčevića,,,,,,
Maslenica Ulica Ante Šarića Bare,Ulica Ante Šarića Bare,,,,,,
Maslenica Ulica Antuna Mihanovića,Ulica Antuna Mihanovića,,,,,,
Maslenica Ulica bana Josipa Jelačića,Ulica bana Josipa Jelačića,,,,,,
Maslenica Ulica Biskupa Tome Nekića,Ulica Biskupa Tome Nekića,,,,,,
Maslenica Ulica Bore Šarlije,Ulica Bore Šarlije,,,,,,
Maslenica Ulica Braće Radića,Ulica Braće Radića,,,,,,
Maslenica Ulica Brune Bušića,Ulica Brune Bušića,,,,,,
Maslenica Ulica Domovinskog rata,Ulica Domovinskog rata,,,,,,
Maslenica Ulica Don Grge Batura,Ulica Don Grge Batura,,,,,,
Maslenica Ulica Don Jose Nekića,Ulica Don Jose Nekića,,,,,,
Maslenica Ulica Don Tita Šarina,Ulica Don Tita Šarina,,,,,,
Maslenica Ulica Eugena Kvaternika,Ulica Eugena Kvaternika,,,,,,
Maslenica Ulica fra Paška Nekića,Ulica fra Paška Nekića,,,,,,
Maslenica Ulica Frankopanska,Frankopanska ulica,,,,,,
Maslenica Ulica Gojka Šuška,Ulica Gojka Šuška,,,,,,
Maslenica Ulica Gravorište,Gravorište,,,,,,
Maslenica Ulica Hrvatskih Mučenika,Ulica hrvatskih mučenika,,,,,,
Maslenica Ulica Ivana Mertza,Ulica Ivana Mertza,,,,,,
Maslenica Ulica Ivana Meštrovića,Ulica Ivana Meštrovića,,,,,,
Maslenica Ulica Ivana pl. Zajca,Ulica Ivana plemenitog Zajca,,,,,,
Maslenica Ulica Ivana Raosa,Ulica Ivana Raosa,,,,,,
Maslenica Ulica Ivana Rončevića,Ulica Ivana Rončevića,,,,,,
Maslenica Ulica Jakova Gotovca,Ulica Jakova Gotovca,,,,,,
Maslenica Ulica Jasenička,Jasenička ulica,,,,,,
Maslenica Ulica Jaseničkih žrtava,Ulica jaseničkih žrtava,,,,,,
Maslenica Ulica Josipa Pupačića,Ulica Josipa Pupačića,,,,,,
Maslenica Ulica Josipa Runjanina,Ulica Josipa Runjanina,,,,,,
Maslenica Ulica Jure Božića,Ulica Jure Božića,,,,,,
Maslenica Ulica Kneza Branimira,Ulica kneza Branimira,,,,,,
Maslenica Ulica kraljice Jelene,Ulica kraljice Jelene,,,,,,
Maslenica Ulica Leopolda Mandića,Ulica Leopolda Mandića,,,,,,
Maslenica Ulica Marka Vulića,Ulica Marka Vulića,,,,,,
Maslenica Ulica Mile Budaka,Ulica Mile Budaka,,,,,,
Maslenica Ulica Moslavačka,Moslavačka ulica,,,,,,
Maslenica Ulica Nikole Marune,Ulica Nikole Marune,,,,,,
Maslenica Ulica Petra Zoranića,Ulica Petra Zoranića,,,,,,
Maslenica Ulica Petra Zrinjskog,Ulica Petra Zrinjskog,,,,,,
Maslenica Ulica Put Bunarića,Put Bunarića,,,,,,
Maslenica Ulica Put Vrulja,Put Vrulja,,,,,,
Maslenica Ulica Siniše Glavaševića,Ulica Siniše Glavaševića,,,,,,
Maslenica Ulica Sinjskih Alkara,Ulica sinjskih alkara,,,,,,
Maslenica Ulica Tina Ujevića,Ulica Tina Ujevića,,,,,,
Maslenica Ulica Velebitska,Velebitska ulica,,,,,,
Maslenica Ulica Vukovarska,Vukovarska ulica,,,,,,
Maslenica Ulica Zadarska,Zadarska ulica,,,,,,
Maslenica Ulica Šime Đodana,Ulica Šime Đodana,,,,,,
Maslenica Ulica Školjička Draga,Školjička Draga,,,,,,
Maslenička,Maslenička ulica,,,,,,
Maslinarska,Maslinarska ulica,,,,,,
Maslinička,Maslinička ulica,,,,,,
Maslinova,Maslinova ulica,,,,,,
Maslinska,Maslinska ulica,,,,,,
Maslinska ul.,Maslinska ulica,,,,,,
Massa Lombarda,Ulica Massa Lombarda,,,,,,
Mata Vodopića,Ulica Mata Vodopića,,,,,,
Mate Bakrača,Ulica Mate Bakrača,,,,,,
Mate Balota,Ulica Mate Balote,,,,,,
Mate Blažina,Ulica Mate Blažina,,,,,,
Mate Bučara,Ulica Mate Bučara,,,,,,
Mate Bučara desni odvojak,Ulica Mate Bučara desni odvojak,,,,,,
Mate Bučara lijevi odvojak,Ulica Mate Bučara lijevi odvojak,,,,,,
Mate Džigumovića - Crnoga,Ulica Mate Džigumovića Crnoga,,,,,,
Mate Filjaka,Ulica Mate Filjaka,,,,,,
Mate Filjaka odvojak,Ulica Mate Filjaka odvojak,,,,,,
Mate Ivanišević,Ulica Mate Ivaniševića,,,,,,
Mate Jerkovića,Ulica Mate Jerkovića,,,,,,
Mate Kaića,Ulica Mate Kaića,,,,,,
Mate Kulundžića,Ulica Mate Kulundžića,,,,,,
Mate Leoni,Ulica Mate Leoni,,,,,,
Mate Medvedovića,Ulica Mate Medvedovića,,,,,,
Mate Mrša,Ulica Mate Mrša,,,,,,
Mate Pečića,Ulica Mate Pečića,,,,,,
Mate Poldrugovca,Ulica Mate Poldrugovca,,,,,,
Mate Sušnja,Ulica Mate Sušnja,,,,,,
Mate Topalovića,Ulica Mate Topalovića,,,,,,
Mate Torbarine,Ulica Mate Torbarine,,,,,,
Mate Valjata,Ulica Mate Valjata,,,,,,
Mate Vidulića,Ulica Mate Vidulića,,,,,,
Mateljska,Mateljska ulica,,,,,,
Matijaševa,Matijaševa ulica,,,,,,
Matije A. Reljkovića,Ulica Matije Antuna Reljkovića,,,,,,
Matije Antuna Relković,Ulica Matije Antuna Relkovića,,,,,,
Matije Bačić,Ulica Matije Bačić,,,,,,
Matije Divkovića,Ulica Matije Divkovića,,,,,,
Matije Eršega,Ulica Matije Eršega,,,,,,
Matije Grpca,Ulica Matije Grpca,,,,,,
Matije Gubca,Ulica Matije Gubca,,,,,,
Matije Gupca odvojak 1,Ulica Matije Gupca odvojak 1,,,,,,
Matije Gupca odvojak 2,Ulica Matije Gupca odvojak 2,,,,,,
Matije i Ljubinka,Ulica Matije i Ljubinka,,,,,,
Matije Jandrića,Ulica Matije Jandrića,,,,,,
Matije Jurja Šporera,Ulica Matije Jurja Šporera,,,,,,
Matije Klajna,Ulica Matije Klajna,,,,,,
Matije Kralja,Ulica Matije Kralja,,,,,,
Matije Mažuranića,Ulica Matije Mažuranića,,,,,,
Matije Mesića,Ulica Matije Mesića,,,,,,
Matije Mrazovića,Ulica Matije Mrazovića,,,,,,
Matije Mrazovića odvojak,Ulica Matije Mrazovića odvojak,,,,,,
Matije Peraka,Ulica Matije Peraka,,,,,,
Matije Peraka odvojak,Ulica Matije Peraka odvojak,,,,,,
Matije Petra Katančića,Ulica Matije Petra Katančića,,,,,,
Matije Pončuna,Ulica Matije Pončuna,,,,,,
Matije Reljkovića,Ulica Matije Reljkovića,,,,,,
Matije Slatinskog,Ulica Matije Slatinskog,,,,,,
Matka Brajše Rašana,Ulica Matka Brajše Rašana,,,,,,
Matka Dukića,Ulica Matka Dukića,,,,,,
Matka Laginje,Ulica Matka Laginje,,,,,,
Matka Mandića,Ulica Matka Mandića,,,,,,
Matka Peića,Ulica Matka Peića,,,,,,
Matka Trinajstića,Ulica Matka Trinajstića,,,,,,
Matkovićeva,Matkovićeva ulica,,,,,,
Matoša A. G.,Ulica Antuna Gustava Matoša,,,,,,
Matoševa,Matoševa ulica,,,,,,
Matulinova,Matulinova ulica,,,,,,
Mavre Bauera,Ulica Mavre Bauera,,,,,,
Mažuranićeva,Mažuranićeva ulica,,,,,,
Medačka,Medačka ulica,,,,,,
Medovićeva,Medovićeva ulica,,,,,,
Medulićeva,Medulićeva ulica,,,,,,
Medvedička,Medvedička ulica,,,,,,
Medvidova,Medvidova ulica,,,,,,
Mejska,Mejska ulica,,,,,,
Melinska,Melinska ulica,,,,,,
Melite Lorković,Ulica Melite Lorković,,,,,,
Mesićeva,Mesićeva ulica,,,,,,
Mesnička,Mesnička ulica,,,,,,
Metanska,Metanska ulica,,,,,,
Metohijska,Metohijska ulica,,,,,,
Međašna,Međašna ulica,,,,,,
Međimurska,Međimurska ulica,,,,,,
Međimurske čete,Ulica Međimurske čete,,,,,,
Međimurskih branitelja,Ulica Međimurskih branitelja,,,,,,
Meštrovića Ivana,Ulica Ivana Meštrovića,,,,,,
Meštrovićeva,Meštrovićeva ulica,,,,,,
Meštrovićevo šet.,Meštrovićevo šetalište,,,,,,
Miha Klaića,Ulica Miha Klaića,,,,,,
Miha Mrnarevića,Ulica Miha Mrnarevića,,,,,,
Miha Pracata,Ulica Miha Pracata,,,,,,
Mihajla Hamzića,Ulica Mihajla Hamzića,,,,,,
Mihajla Pupina,Ulica Mihajla Pupina,,,,,,
Mihajla Viševića,Ulica Mihajla Viševića,,,,,,
Mihaljevićeva,Mihaljevićeva ulica,,,,,,
Mihanovićeva,Mihanovićeva ulica,,,,,,
Mihanovićeva ul.,Mihanovićeva ulica,,,,,,
Mihe Klaića,Ulica Mihe Klaića,,,,,,
Miholjačka,Miholjačka ulica,,,,,,
Mihovila Glavinića,Ulica Mihovila Glavinića,,,,,,
Mihovila Jeličića,Ulica Mihovila Jeličića,,,,,,
Mihovila P. Miškine,Ulica Mihovila Pavleka Miškine,,,,,,
Mihovila Pavlinovića,Ulica Mihovila Pavlinovića,,,,,,
Mihovila Pleše,Ulica Mihovila Pleše,,,,,,
Mihovila Radića,Ulica Mihovila Radića,,,,,,
Mihovljanska,Mihovljanska ulica,,,,,,
Mijata Štefanca,Ulica Mijata Štefanca,,,,,,
Mije Biljana,Ulica Mije Biljana,,,,,,
Mije Bobetka,Ulica Mije Bobetka,,,,,,
Mije Brašnića,Ulica Mije Brašnića,,,,,,
Mije Dobranića,Ulica Mije Dobranića,,,,,,
Mije Džanka - Baje,Ulica Mije Džanka Baje,,,,,,
Mije Hunjadi,Ulica Mije Hunjadi,,,,,,
Mije Kišpatića,Ulica Mije Kišpatića,,,,,,
Mije Krešića,Ulica Mije Krešića,,,,,,
Mije Mareka,Ulica Mije Mareka,,,,,,
Mije Mimice,Ulica Mije Mimice,,,,,,
Mije Mirkovića,Ulica Mije Mirkovića,,,,,,
Mije Smoleka,Ulica Mije Smoleka,,,,,,
Mije Srnaka,Ulica Mije Srnaka,,,,,,
Mije Vinceljaka,Ulica Mije Vinceljaka,,,,,,
Mije Vrljića,Ulica Mije Vrljića,,,,,,
Mije Zlatarića,Ulica Mije Zlatarića,,,,,,
Mije Šimeka,Ulica Mije Šimeka,,,,,,
Mikanovačka,Mikanovačka ulica,,,,,,
Mikovićeva,Mikovićeva ulica,,,,,,
Mikulčićeva,Mikulčićeva ulica,,,,,,
Mila Cipre,Ulica Mila Cipre,,,,,,
Miladina Popovića,Ulica Miladina Popovića,,,,,,
Milana Begovića,Ulica Milana Begovića,,,,,,
Milana Butkovića,Ulica Milana Butkovića,,,,,,
Milana Dujnića,Ulica Milana Dujnića,,,,,,
Milana Frlana,Ulica Milana Frlana,,,,,,
Milana i Naste Rojc,Ulica Milana i Naste Rojc,,,,,,
Milana Kašanina,Ulica Milana Kašanina,,,,,,
Milana Kovačića,Ulica Milana Kovačića,,,,,,
Milana Makanca desni odvojak,Ulica Milana Makanca desni odvojak,,,,,,
Milana Makanca lijevi odvojak,Ulica Milana Makanca lijevi odvojak,,,,,,
Milana Marušića,Ulica Milana Marušića,,,,,,
Milana Matkovića,Ulica Milana Matkovića,,,,,,
Milana Miholjevića,Ulica Milana Miholjevića,,,,,,
Milana Mrdalja,Ulica Milana Mrdalja,,,,,,
Milana Nemičića,Ulica Milana Nemičića,,,,,,
Milana Nemičića desni odvojak I,Ulica Milana Nemičića desni odvojak I,,,,,,
Milana Nemičića desni odvojak II,Ulica Milana Nemičića desni odvojak II,,,,,,
Milana Nemičića lijevi odvojak I,Ulica Milana Nemičića lijevi odvojak I,,,,,,
Milana Nemičića lijevi odvojak II,Ulica Milana Nemičića lijevi odvojak II,,,,,,
Milana Puhanića,Ulica Milana Puhanića,,,,,,
Milana Rustanbega,Ulica Milana Rustanbega,,,,,,
Milana Smokvine Tvrdog,Ulica Milana Smokvine Tvrdog,,,,,,
Milana Udovića,Ulica Milana Udovića,,,,,,
Milana Valkovića,Ulica Milana Valkovića,,,,,,
Milana Vrbanića,Ulica Milana Vrbanića,,,,,,
Milana Šenoe,Ulica Milana Šenoe,,,,,,
Milana Štefanika,Ulica Milana Štefanika,,,,,,
Milana Šufflaya,Ulica Milana Šufflaya,,,,,,
Milanovićeva,Milanovićeva ulica,,,,,,
Mile Budaka,Ulica Mile Budaka,,,,,,
Mile Gojsalić,Ulica Mile Gojsalić,,,,,,
Milenka Mirkovića,Ulica Milenka Mirkovića,,,,,,
Mileve Sušanj,Ulica Mileve Sušanj,,,,,,
Milice i Turka,Ulica Milice i Turka,,,,,,
Milice Jadranić,Ulica Milice Jadranić,,,,,,
Milice Križan,Ulica Milice Križan,,,,,,
Milivoja Grgića,Ulica Milivoja Grgića,,,,,,
Milićeva,Milićeva ulica,,,,,,
Miljenka Bratoša,Ulica Miljenka Bratoša,,,,,,
Miljenka Galića,Ulica Miljenka Galića,,,,,,
Miljenka Smoje,Ulica Miljenka Smoje,,,,,,
Miljevačka,Miljevačka ulica,,,,,,
Milorada Šerbića,Ulica Milorada Šerbića,,,,,,
Milovana Muževića,Ulica Milovana Muževića,,,,,,
Milovana Muževića - I. prilaz,Ulica Milovana Muževića I. prilaz,,,,,,
Milovana Muževića - II. prilaz,Ulica Milovana Muževića II. prilaz,,,,,,
Milovana Muževića - III. prilaz,Ulica Milovana Muževića III. prilaz,,,,,,
Miloša Obilića,Ulica Miloša Obilića,,,,,,
Miloša Parizovića,Ulica Miloša Parizovića,,,,,,
Miloša Čakića,Ulica Miloša Čakića,,,,,,
Miloša Đurića,Ulica Miloša Đurića,,,,,,
Milutina Barača,Ulica Milutina Barača,,,,,,
Milutina Bataje,Ulica Milutina Bataje,,,,,,
Milutina Cihlara,Ulica Milutina Cihlara,,,,,,
Milutina Milankovića,Ulica Milutina Milankovića,,,,,,
Mire Ban Radune,Ulica Mire Ban Radune,,,,,,
Mire Barišića,Ulica Mire Barišića,,,,,,
Mire Boričića,Ulica Mire Boričića,,,,,,
Mire Košćaka,Ulica Mire Košćaka,,,,,,
Mirka Antolića,Ulica Mirka Antolića,,,,,,
Mirka Bogovića,Ulica Mirka Bogovića,,,,,,
Mirka Bukovca,Ulica Mirka Bukovca,,,,,,
Mirka Dukića,Ulica Mirka Dukića,,,,,,
Mirka Dvorskog,Ulica Mirka Dvorskog,,,,,,
Mirka Franelića,Ulica Mirka Franelića,,,,,,
Mirka Jengića,Ulica Mirka Jengića,,,,,,
Mirka Kustića,Ulica Mirka Kustića,,,,,,
Mirka Piškulića,Ulica Mirka Piškulića,,,,,,
Mirka Radića,Ulica Mirka Radića,,,,,,
Mirka Seljana,Ulica Mirka Seljana,,,,,,
Mirka Viriusa,Ulica Mirka Viriusa,,,,,,
Mirka Zore,Ulica Mirka Zore,,,,,,
Mirka Čurbega,Ulica Mirka Čurbega,,,,,,
Mirkovačka,Mirkovačka ulica,,,,,,
Miroslava Bulešića,Ulica Miroslava Bulešića,,,,,,
Miroslava Celebrina,Ulica Miroslava Celebrina,,,,,,
Miroslava Ebnera,Ulica Miroslava Ebnera,,,,,,
Miroslava Gudelja,Ulica Miroslava Gudelja,,,,,,
Miroslava Kraljevića,Ulica Miroslava Kraljevića,,,,,,
Miroslava Odavića,Ulica Miroslava Odavića,,,,,,
Miroslava Tišljara,Ulica Miroslava Tišljara,,,,,,
Mitnička,Mitnička ulica,,,,,,
Mitrovićeva,Mitrovićeva ulica,,,,,,
Miše Joskića,Ulica Miše Joskića,,,,,,
Mišinačka,Mišinačka ulica,,,,,,
Mladena Palinkaša,Ulica Mladena Palinkaša,,,,,,
Mladena Pozajića,Ulica Mladena Pozajića,,,,,,
Mladena Veleslavića,Ulica Mladena Veleslavića,,,,,,
Mladena Vidovića,Ulica Mladena Vidovića,,,,,,
Mladena Vodanovića,Ulica Mladena Vodanovića,,,,,,
Mladena Ćatića,Ulica Mladena Ćatića,,,,,,
Mladinska,Mladinska ulica,,,,,,
Mljetska,Mljetska ulica,,,,,,
Modrić - Ulica Ivana Kneževića,Ulica Ivana Kneževića,,,,,,
Modrić Put Drage,Put Drage,,,,,,
Modrić Put Velebita,Put Velebita,,,,,,
Modrič Ulica Put hrvatske brigade,Put hrvatske brigade,,,,,,
Mohorovičićeva,Mohorovičićeva ulica,,,,,,
Mokoška,Mokoška ulica,,,,,,
Molatska ul.,Molatska ulica,,,,,,
Molizanskih hrvata,Ulica molizanskih Hrvata,,,,,,
Moliških Hrvata,Ulica moliških Hrvata,,,,,,
Moluntska,Moluntska ulica,,,,,,
Molvička,Molvička ulica,,,,,,
Momira Krmpotića,Ulica Momira Krmpotića,,,,,,
Mosećka,Mosećka ulica,,,,,,
Mosečka,Mosečka ulica,,,,,,
Moslavačka ulica - I. odvojak,Moslavačka ulica I. odvojak,,,,,,
Moslovačka ul.,Moslovačka ulica,,,,,,
Mosorska ul.,Mosorska ulica,,,,,,
Moše Albaharija,Ulica Moše Albaharija,,,,,,
Mramorska,Mramorska ulica,,,,,,
Mrežnička,Mrežnička ulica,,,,,,
Mrežnička ul.,Mrežnička ulica,,,,,,
Mrkopaljska,Mrkopaljska ulica,,,,,,
Mrzovička,Mrzovička ulica,,,,,,
Munjarska,Munjarska ulica,,,,,,
Munjačka ul.,Munjačka ulica,,,,,,
Muntriljska,Muntriljska ulica,,,,,,
Murajska,Murajska ulica,,,,,,
Murska ul.,Murska ulica,,,,,,
Murterska,Murterska ulica,,,,,,
Murterska ul.,Murterska ulica,,,,,,
Murterskih zadruga,Ulica murterskih zadruga,,,,,,
Murviška,Murviška ulica,,,,,,
Muse Ćazima Ćatića,Ulica Muse Ćazima Ćatića,,,,,,
N. J. Tordinca,Ulica Nikole Jurja Tordinca,,,,,,
N. Š. Zrinski,Nikola Šubić Zrinski,,,,,,
N. Š. Zrinskog,Ulica Nikole Šubića Zrinskog,,,,,,
Nadbiskupa Alojzija Stepinca,Ulica nadbiskupa Alojzija Stepinca,,,,,,
Nakićeva,Nakićeva ulica,,,,,,
Nalješkovićeva,Nalješkovićeva ulica,,,,,,
Narodne omladine,Ulica narodne omladine,,,,,,
Narodnog doma,Ulica Narodnog doma,,,,,,
Narodnog oslobođenja,Ulica narodnog oslobođenja,,,,,,
Narodnog preporoda,Ulica narodnog preporoda,,,,,,
Naronska,Naronska ulica,,,,,,
"Naselje ""Andrija Hebrang""",Naselje Andrija Hebrang,,,,,,
"Naselje ""Lutvinka""",Naselje Lutvinka,,,,,,
"Naselje ""Marsonia""",Naselje Marsonia,,,,,,
"Naselje ""Mikrorajon""",Naselje Mikrorajon,,,,,,
"Naselje ""Mostogradnja""",Naselje Mostogradnja,,,,,,
Naselje Bana Josipa Jelačića,Naselje bana Josipa Jelačića,,,,,,
Naselje dr. Vlatka Mačka,Naselje doktora Vlatka Mačka,,,,,,
Naselje kralja Petra Krešimira IV,Naselje kralja Petra Krešimira IV.,,,,,,
Naselje M. Krleže,Naselje Miroslava Krleže,,,,,,
Naste Rojc,Ulica Naste Rojc,,,,,,
Natka Nodila,Ulica Natka Nodila,,,,,,
Nautička,Nautička ulica,,,,,,
Nazora Vladimira,Ulica Vladimira Nazora,,,,,,
Nazorova,Nazorova ulica,,,,,,
Nazorova ul.,Nazorova ulica,,,,,,
Nebojše Živkovića,Ulica Nebojše Živkovića,,,,,,
Nedeljkovićeva,Nedeljkovićeva ulica,,,,,,
Nedjeljka Karabaića,Ulica Nedjeljka Karabaića,,,,,,
Negrieva,Negrieva ulica,,,,,,
Nehajska,Nehajska ulica,,,,,,
Nelipića,Ulica Nelipića,,,,,,
Nelipićeva,Nelipićeva ulica,,,,,,
Nema naziva - Dragovija,Dragovija,,,,,,
Nema naziva - Luke,Luke,,,,,,
Nemaljska,Nemaljska ulica,,,,,,
Neretvanska,Neretvanska ulica,,,,,,
Neretvanska ul.,Neretvanska ulica,,,,,,
Neretvanskih gusara,Ulica neretvanskih gusara,,,,,,
Neretvanskih knezova,Ulica neretvanskih knezova,,,,,,
Neretvanskih lađa,Ulica neretvanskih lađa,,,,,,
Nerežiška,Nerežiška ulica,,,,,,
Neumska,Neumska ulica,,,,,,
Nika i Meda Pucića,Ulica Nika i Meda Pucića,,,,,,
Nika Kulišića,Ulica Nika Kulišića,,,,,,
Nika Pušića,Ulica Nika Pušića,,,,,,
Nike Jerkovića - Prime,Ulica Nike Jerkovića Prime,,,,,,
Nike Katunara,Ulica Nike Katunara,,,,,,
Nike Veljačića,Ulica Nike Veljačića,,,,,,
Nike Čavline,Ulica Nike Čavline,,,,,,
Nikice Karavida,Ulica Nikice Karavida,,,,,,
Nikice Zec,Ulica Nikice Zec,,,,,,
Nikole Andrića (Klozerski sokak),Ulica Nikole Andrića,,,,Klozerski sokak,,
Nikole Božidarevića,Ulica Nikole Božidarevića,,,,,,
Nikole Bunjevca,Ulica Nikole Bunjevca,,,,,,
Nikole Butkovića,Ulica Nikole Butkovića,,,,,,
Nikole Cara,Ulica Nikole Cara,,,,,,
Nikole Cara Črnog,Ulica Nikole Cara Črnog,,,,,,
Nikole Demonje,Ulica Nikole Demonje,,,,,,
Nikole Gučetića,Ulica Nikole Gučetića,,,,,,
Nikole Jurišića,Ulica Nikole Jurišića,,,,,,
Nikole Jurjevića,Ulica Nikole Jurjevića,,,,,,
Nikole Kovačevića,Ulica Nikole Kovačevića,,,,,,
Nikole Ljubičića,Ulica Nikole Ljubičića,,,,,,
Nikole Lončarića,Ulica Nikole Lončarića,,,,,,
Nikole Lučića,Ulica Nikole Lučića,,,,,,
Nikole Mašića,Ulica Nikole Mašića,,,,,,
Nikole Napice,Ulica Nikole Napice,,,,,,
Nikole Nonkovića,Ulica Nikole Nonkovića,,,,,,
Nikole Perlića,Ulica Nikole Perlića,,,,,,
Nikole Tavelića,Ulica Nikole Tavelića,,,,,,
Nikole Tordinca,Ulica Nikole Tordinca,,,,,,
Nikole Udine Algarottija,Ulica Nikole Udine Algarottija,,,,,,
Nikole Vladanova,Ulica Nikole Vladanova,,,,,,
Nikole Zrinskog ulica,Ulica Nikole Zrinskog ulica,,,,,,
Nikole Šebetića,Ulica Nikole Šebetića,,,,,,
Nikole Škevina,Ulica Nikole Škevina,,,,,,
Nikole Šopa,Ulica Nikole Šopa,,,,,,
Nikole Žica,Ulica Nikole Žica,,,,,,
Nikolićeva,Nikolićeva ulica,,,,,,
Nikše Ljubičića,Ulica Nikše Ljubičića,,,,,,
Ninska,Ninska ulica,,,,,,
Ninska ul.,Ninska ulica,,,,,,
Ninčevića,Ulica Ninčevića,,,,,,
Niska,Niska ulica,,,,,,
Njegoševa,Njegoševa ulica,,,,,,
Njemačka,Njemačka ulica,,,,,,
Njivičina,Njivičina ulica,,,,,,
Nodilova,Nodilova ulica,,,,,,
Nogometna,Nogometna ulica,,,,,,
Norinska,Norinska ulica,,,,,,
Noršićeva,Noršićeva ulica,,,,,,
Novakova,Novakova ulica,,,,,,
Novačka,Novačka ulica,,,,,,
Novigradska,Novigradska ulica,,,,,,
Novigradska ul.,Novigradska ulica,,,,,,
Novljanska,Novljanska ulica,,,,,,
Novogradiška,Novogradiška ulica,,,,,,
Novoseljanska,Novoseljanska ulica,,,,,,
Novoselska,Novoselska ulica,,,,,,
Novogradiška,Novogradiška ulica,,,,,,
Novoseljanska,Novoseljanska ulica,,,,,,
Novoselska,Novoselska ulica,,,,,,
Novska ul.,Novska ulica,,,,,,
Nuštarska,Nuštarska ulica,,,,,,
O. Ante Gabrića,Ulica oca Ante Gabrića,,,,,,
O. Bernardina Leakovića,Ulica oca Bernardina Leakovića,,,,,,
O. Keršovanija,Ulica Otokara Keršovanija,,,,,,
Ob. k. Petra Krešimira IV,Obala kralja Petra Krešimira IV.,,,,,,
Ob. kr. P. Krešimira IV,Obala kralja Petra Krešimira IV.,,,,,,
Obala dr. Ante Starčevića,Obala doktora Ante Starčevića,,,,,,
Obala Dr. Franje Tuđmana,Obala doktora Franje Tuđmana,,,,,,
Obala dr. Franje Tuđmana,Obala doktora Franje Tuđmana,,,,,,
Obala dr. Josipa Sokolića,Obala doktora Josipa Sokolića,,,,,,
Obala dr. Nikole Lozovine,Obala doktora Nikole Lozovine,,,,,,
Obala Franje Tuđmana I. hrv. p.,Obala Franje Tuđmana I. hrvatskog predsjednika,,,,,,
Obala hrv. mornarice,Obala Hrvatske mornarice,,,,,,
Obala hrv. preporoda,Obala hrvatskog preporoda,,,,,,
Obala hrvat. domoljuba,Obala hrvatskih domoljuba,,,,,,
Obala hrvatske mornarice,Obala Hrvatske mornarice,,,,,,
Obala hrvatskih branitelja,Obala hrvatskih branitelja,,,,,,
Obala kralja Krešimira IV,Obala kralja Krešimira IV.,,,,,,
Obala Kralja Petra Krešimira IV,Obala kralja Petra Krešimira IV.,,,,,,
Obala pape Aleksandra III,Obala pape Aleksandra III.,,,,,,
Obala Petra Krešimira IV,Obala Petra Krešimira IV.,,,,,,
Obala S. Radića,Obala Stjepana Radića,,,,,,
Obala sv. Benedikta,Obala svetog Benedikta,,,,,,
Obala sv. Ivana,Obala svetog Ivana,,,,,,
Obala sv. Jurja,Obala svetog Jurja,,,,,,
Obala sv. Luke,Obala svetog Luke,,,,,,
Obala sv. Martina,Obala svetog Martina,,,,,,
Obala sv. Nikole,Obala svetog Nikole,,,,,,
Obala sv. Petra,Obala svetog Petra,,,,,,
Obala sv. Tereze,Obala svete Tereze,,,,,,
Obala Žrtava rata,Obala žrtava rata,,,,,,
Obitelji Duiz,Ulica obitelji Duiz,,,,,,
Obitelji Sušanj,Ulica obitelji Sušanj,,,,,,
Obodska,Obodska ulica,,,,,,
Obrada Hrgovića,Ulica Obrada Hrgovića,,,,,,
Obrada Ribića,Ulica Obrada Ribića,,,,,,
Obrovačka ul.,Obrovačka ulica,,,,,,
Obrovčeva,Obrovčeva ulica,,,,,,
Obrtnička,Obrtnička ulica,,,,,,
Obručka,Obručka ulica,,,,,,
Obuljenska,Obuljenska ulica,,,,,,
Oca Ante Gabrića,Ulica oca Ante Gabrića,,,,,,
Odranska ul.,Odranska ulica,,,,,,
Odv. Brezinske ulice,Odvojak Brezinske ulice,,,,,,
Odv. Staro Praćno,Odvojak Staro Praćno,,,,,,
Odv. Sunj. Selišće,Odvojak Sunjsko Selišće,,,,,,
Odv. ul. Augusta Šenoe,Odvojak Ulice Augusta Šenoe,,,,,,
Odv. ulice Bana Jelačića,Odvojak Ulice bana Jelačića,,,,,,
Odv. Zagrebačke ulice,Odvojak Zagrebačke ulice,,,,,,
Odvojak Karlovačke,Odvojak Karlovačke ulice,,,,,,
Odvojak kralja Petra Krešimira IV,Odvojak kralja Petra Krešimira IV.,,,,,,
Odvojak Kvarnerske,Odvojak Kvarnerske ulice,,,,,,
Odvojak Magdalenske ul.,Odvojak Magdalenske ulice,,,,,,
Odvojak Riječke,Odvojak Riječke ulice,,,,,,
Odvojak Skradinske,Odvojak Skradinske ulice,,,,,,
Odvojak Slavonske,Odvojak Slavonske ulice,,,,,,
Odvojak Sv. Duha,Odvojak Svetog Duha,,,,,,
Odvojak ulice Bogumila Tonija,Odvojak Ulice Bogumila Tonija,,,,,,
Odvojak ulice braće Bukovina,Odvojak Ulice braće Bukovina,,,,,,
Odvojak ulice Matije Gupca,Odvojak Ulice Matije Gupca,,,,,,
Odvojak ulice pod brezom,Odvojak Ulice pod brezom,,,,,,
Odvojak ulice Vladimira Nazora,Odvojak Ulice Vladimira Nazora,,,,,,
Odvojak Šumske,Odvojak Šumske ulice,,,,,,
Ognjena Price,Ulica Ognjena Price,,,,,,
Ogradska,Ogradska ulica,,,,,,
Ogranak ulice Mirka Bogovića,Ogranak Ulice Mirka Bogovića,,,,,,
Ogulinska,Ogulinska ulica,,,,,,
Ohridska,Ohridska ulica,,,,,,
Okićka,Okićka ulica,,,,,,
Oko sv. Kaje,Oko svetog Kaje,,,,,,
Oktavijana Valića,Ulica Oktavijana Valića,,,,,,
Olibska,Olibska ulica,,,,,,
Olipska ul.,Olipska ulica,,,,,,
Omera Šilovića,Ulica Omera Šilovića,,,,,,
Omišaljska,Omišaljska ulica,,,,,,
Omiška,Omiška ulica,,,,,,
Omišljanska,Omišljanska ulica,,,,,,
Opatijska,Opatijska ulica,,,,,,
Opuzenska,Opuzenska ulica,,,,,,
Orahovička,Orahovička ulica,,,,,,
Oraška,Oraška ulica,,,,,,
Orebićka,Orebićka ulica,,,,,,
Orlanda Kučića,Ulica Orlanda Kučića,,,,,,
Orlovačka,Orlovačka ulica,,,,,,
Orolička,Orolička ulica,,,,,,
Orsatova,Orsatova ulica,,,,,,
Osečka,Osečka ulica,,,,,,
Osječka ul.,Osječka ulica,,,,,,
Oslobođenja,Ulica oslobođenja,,,,,,
Osojnička,Osojnička ulica,,,,,,
Osorska,Osorska ulica,,,,,,
Ostravska,Ostravska ulica,,,,,,
Ostroška,Ostroška ulica,,,,,,
Osvalda Totha,Ulica Osvalda Totha,,,,,,
Otavija Ostromana,Ulica Otavija Ostromana,,,,,,
Otona Ivekovića,Ulica Otona Ivekovića,,,,,,
Otona Postružnika,Ulica Otona Postružnika,,,,,,
Otona Župančića,Ulica Otona Župančića,,,,,,
Otočić Sv. Marije,Otočić svete Marije,,,,,,
Otočkih branitelja,Ulica otočkih branitelja,,,,,,
Ozaljska,Ozaljska ulica,,,,,,
Ozane Kotorske,Ulica Ozane Kotorske,,,,,,
Ozrenska,Ozrenska ulica,,,,,,
Ošljanska,Ošljanska ulica,,,,,,
Oštarijska ul.,Oštarijska ulica,,,,,,
P. hr. branitelja Davora Torbarine,Ulica poginulog hrvatskog branitelja Davora Torbarine,,,,,,
P. hr. branitelja Dubravka Torbarine,Ulica poginulog hrvatskog branitelja Dubravka Torbarine,,,,,,
P. hr. branitelja Ivice Smolića,Ulica poginulog hrvatskog branitelja Ivice Smolića,,,,,,
P. hr. branitelja Marina Jeraka,Ulica poginulog hrvatskog branitelja Marina Jeraka,,,,,,
P. hr. branitelja Mladena Strenje,Ulica poginulog hrvatskog branitelja Mladena Strenje,,,,,,
P. hr. branitelja Šime Smolića,Ulica poginulog hrvatskog branitelja Šime Smolića,,,,,,
P. Miškine,Ulica Pavleka Miškine,,,,,,
P. Preradovića,Ulica Petra Preradovića,,,,,,
Padobranska,Padobranska ulica,,,,,,
Padre Perice,Ulica Padre Perice,,,,,,
Paklenička ul.,Paklenička ulica,,,,,,
Pakračka,Pakračka ulica,,,,,,
Pakračka ul.,Pakračka ulica,,,,,,
Palagruška,Palagruška ulica,,,,,,
Palagružina,Palagružina ulica,,,,,,
Palih hrvatskih boraca,Ulica palih hrvatskih boraca,,,,,,
Palićka,Palićka ulica,,,,,,
Palmina,Palmina ulica,,,,,,
Palmotićeva,Palmotićeva ulica,,,,,,
Palovečka,Palovečka ulica,,,,,,
Palčićka,Palčićka ulica,,,,,,
Pamukovića Kamila,Ulica Pamukovića Kamila,,,,,,
Pandurevićeva,Pandurevićeva ulica,,,,,,
Papalićeva,Papalićeva ulica,,,,,,
Pape Grgura VII,Ulica pape Grgura VII.,,,,,,
Pape Ivana Pavla II,Ulica pape Ivana Pavla II.,,,,,,
Papučka,Papučka ulica,,,,,,
Papučka ul.,Papučka ulica,,,,,,
Paradžikova,Paradžikova ulica,,,,,,
Paraćeva,Paraćeva ulica,,,,,,
Park Dr. Franje Tuđmana,Park doktora Franje Tuđmana,,,,,,
Park dr. Franje Tuđmana,Park doktora Franje Tuđmana,,,,,,
Park sv. Jurja,Park svetog Jurja,,,,,,
Parobrodarska,Parobrodarska ulica,,,,,,
Paromlinska,Paromlinska ulica,,,,,,
Partizanska,Partizanska ulica,,,,,,
Parunova,Parunova ulica,,,,,,
Paska Baburice,Ulica Paska Baburice,,,,,,
Pastira Lode,Ulica Pastira Lode,,,,,,
Patera Stanka Banića,Ulica patera Stanka Banića,,,,,,
Patkovićeva,Patkovićeva ulica,,,,,,
Pava Žužića,Ulica Pava Žužića,,,,,,
Pave Crvelina,Ulica Pave Crvelina,,,,,,
Pave Kraljevića,Ulica Pave Kraljevića,,,,,,
Pave Tomašića,Ulica Pave Tomašića,,,,,,
Pave Vukelića - Paje,Ulica Pave Vukelića Paje,,,,,,
Pavićeva,Pavićeva ulica,,,,,,
Pavla Kvakana,Ulica Pavla Kvakana,,,,,,
Pavla Miškina,Ulica Pavla Miškina,,,,,,
Pavla Miškine,Ulica Pavla Miškine,,,,,,
Pavla Miškine odvojak,Ulica Pavla Miškine odvojak,,,,,,
Pavla Rittera Vitezovića,Ulica Pavla Rittera Vitezovića,,,,,,
Pavla Thallera,Ulica Pavla Thallera,,,,,,
Pavla Vitezovića,Ulica Pavla Vitezovića,,,,,,
Pavla Štoosa,Ulica Pavla Štoosa,,,,,,
Pavla Šubića,Ulica Pavla Šubića,,,,,,
Pavlinovićeva,Pavlinovićeva ulica,,,,,,
Pavlinska,Pavlinska ulica,,,,,,
Pavlovićeva,Pavlovićeva ulica,,,,,,
Pazdigradska,Pazdigradska ulica,,,,,,
Paška Trlaje,Ulica Paška Trlaje,,,,,,
Paška ul.,Paška ulica,,,,,,
Paška Zjačića,Ulica Paška Zjačića,,,,,,
Pašmanska,Pašmanska ulica,,,,,,
Pašmanska ul.,Pašmanska ulica,,,,,,
Paštanska,Paštanska ulica,,,,,,
Paštrićeva,Paštrićeva ulica,,,,,,
Pekarska,Pekarska ulica,,,,,,
Pelješačka,Pelješačka ulica,,,,,,
Pelješka,Pelješka ulica,,,,,,
Pepe Bukača,Ulica Pepe Bukača,,,,,,
Pera Bakića,Ulica Pera Bakića,,,,,,
Pera Beatovića,Ulica Pera Beatovića,,,,,,
Pera Budmanija,Ulica Pera Budmanija,,,,,,
Pera Rudenjaka,Ulica Pera Rudenjaka,,,,,,
Pera Čingrije,Ulica Pera Čingrije,,,,,,
Percan Mije,Ulica Percan Mije,,,,,,
Pere Cara,Ulica Pere Cara,,,,,,
Pere Kovačevića,Ulica Pere Kovačevića,,,,,,
Pere Pintara,Ulica Pere Pintara,,,,,,
Pere Štefanovića,Ulica Pere Štefanovića,,,,,,
Peričićeva,Peričićeva ulica,,,,,,
Perišića,Perišića ulica,,,,,,
Perunova,Perunova ulica,,,,,,
Perunska,Perunska ulica,,,,,,
Pervanova,Pervanova ulica,,,,,,
Petog kolovoza,Ulica petog kolovoza,,,,,,
Petorice Alačevića,Ulica petorice Alačevića,,,,,,
Petorice strijeljanih,Ulica petorice strijeljanih,,,,,,
Petra Ante Zorzija,Ulica Petra Ante Zorzija,,,,,,
Petra Anzulovića,Ulica Petra Anzulovića,,,,,,
Petra Barbarića,Ulica Petra Barbarića,,,,,,
Petra Berislavića,Ulica Petra Berislavića,,,,,,
Petra Bučara,Ulica Petra Bučara,,,,,,
Petra Dobrovića,Ulica Petra Dobrovića,,,,,,
Petra Draganića - Vrančića,Ulica Petra Draganića - Vrančića,,,,,,
Petra Drapšina,Ulica Petra Drapšina,,,,,,
Petra Filipca,Ulica Petra Filipca,,,,,,
Petra Flega,Ulica Petra Flega,,,,,,
Petra Grubišića,Ulica Petra Grubišića,,,,,,
Petra Gumaja,Ulica Petra Gumaja,,,,,,
Petra Hektorovića,Ulica Petra Hektorovića,,,,,,
Petra Jakšića,Ulica Petra Jakšića,,,,,,
Petra Jurčića,Ulica Petra Jurčića,,,,,,
Petra Kaera,Ulica Petra Kaera,,,,,,
Petra Katančića,Ulica Petra Katančića,,,,,,
Petra Klepca,Ulica Petra Klepca,,,,,,
Petra Kobeka,Ulica Petra Kobeka,,,,,,
Petra Kovčalije Pere,Ulica Petra Kovčalije Pere,,,,,,
Petra Kočića,Ulica Petra Kočića,,,,,,
Petra Krešimira,Ulica Petra Krešimira,,,,,,
Petra Krešimira IV,Ulica Petra Krešimira IV.,,,,,,
Petra Kružića,Ulica Petra Kružića,,,,,,
Petra Mišura,Ulica Petra Mišura,,,,,,
Petra Nakića,Ulica Petra Nakića,,,,,,
Petra Perice,Ulica Petra Perice,,,,,,
Petra Petrovića Njegoša,Ulica Petra Petrovića Njegoša,,,,,,
Petra Skoka,Ulica Petra Skoka,,,,,,
Petra Vukše,Ulica Petra Vukše,,,,,,
Petra Zrinskoga,Ulica Petra Zrinskoga,,,,,,
Petra Žgaljića,Ulica Petra Žgaljića,,,,,,
Petranova,Petranova ulica,,,,,,
Petranovićeva,Petranovićeva ulica,,,,,,
Petravićeva,Petravićeva ulica,,,,,,
Petrinjska,Petrinjska ulica,,,,,,
Petrova,Petrova ulica,,,,,,
Petrovaradinska,Petrovaradinska ulica,,,,,,
Petrovačka,Petrovačka ulica,,,,,,
Petrovska,Petrovska ulica,,,,,,
Petrčane ulica I,Ulica I,,,,,,
Petrčane ulica II,Ulica II,,,,,,
Petrčane ulica IX,Ulica IX,,,,,,
Petrčane ulica V,Ulica V,,,,,,
Petrčane ulica VI,Ulica VI,,,,,,
Petrčane ulica VII,Ulica VII,,,,,,
Petrčane ulica VIII,Ulica VIII,,,,,,
Petrčane ulica X,Ulica X,,,,,,
Petrčane ulica XI,Ulica XI,,,,,,
Petrčane ulica XII,Ulica XII,,,,,,
Petrčane ulica XIII,Ulica XIII,,,,,,
Petrčane ulica XIV,Ulica XIV,,,,,,
Petrčane ulica XIX,Ulica XIX,,,,,,
Petrčane ulica XV,Ulica XV,,,,,,
Petrčane ulica XVI,Ulica XVI,,,,,,
Petrčane ulica XVII,Ulica XVII,,,,,,
Petrčane ulica XVIII,Ulica XVIII,,,,,,
Petrčane ulica XX,Ulica XX,,,,,,
Petrčane ulica XXI,Ulica XXI,,,,,,
Petrčane ulica XXII,Ulica XXII,,,,,,
Petrčane ulica XXIII,Ulica XXIII,,,,,,
Petrčane ulica XXIV,Ulica XXIV,,,,,,
Petrčane ulica XXIX,Ulica XXIX,,,,,,
Petrčane ulica XXV,Ulica XXV,,,,,,
Petrčane ulica XXVI,Ulica XXVI,,,,,,
Petrčane ulica XXVII,Ulica XXVII,,,,,,
Petrčane ulica XXVIII,Ulica XXVIII,,,,,,
Petrčane ulica XXX,Ulica XXX,,,,,,
Petrčane ulica XXXI,Ulica XXXI,,,,,,
Petrčane ulica XXXII,Ulica XXXII,,,,,,
Petrčane ulica XXXIII,Ulica XXXIII,,,,,,
Petrčane ulica XXXIV,Ulica XXXIV,,,,,,
Petrčane ulica XXXV,Ulica XXXV,,,,,,
Petöfi Šandora,Ulica Petöfi Šandora,,,,,,
Pintarska,Pintarska ulica,,,,,,
Piranska,Piranska ulica,,,,,,
Pirjakova,Pirjakova ulica,,,,,,
Pirovačke satnije,Ulica Pirovačke satnije,,,,,,
Pirovačkih iseljenika,Ulica pirovačkih iseljenika,,,,,,
Pivovarska,Pivovarska ulica,,,,,,
Pićanska,Pićanska ulica,,,,,,
Pješčana uvala 1 ogranak,Pješčana uvala 1. ogranak,,,,,,
Pješčana uvala 10 ogranak,Pješčana uvala 10. ogranak,,,,,,
Pješčana uvala 2 ogranak,Pješčana uvala 2. ogranak,,,,,,
Pješčana uvala 3 ogranak,Pješčana uvala 3. ogranak,,,,,,,,,,,,
Pješčana uvala 4 ogranak,Pješčana uvala 4. ogranak,,,,,,
Pješčana uvala 5 ogranak,Pješčana uvala 5. ogranak,,,,,,
Pješčana uvala 6 ogranak,Pješčana uvala 6. ogranak,,,,,,
Pješčana uvala 7 ogranak,Pješčana uvala 7. ogranak,,,,,,
Pješčana uvala 8 ogranak,Pješčana uvala 8. ogranak,,,,,,
Pješčana uvala 9 ogranak,Pješčana uvala 9. ogranak,,,,,,
Planin. dom Jankovac,Planinarski dom Jankovac,,,,,,
Plančićeva,Plančićeva ulica,,,,,,
Plavnička,Plavnička ulica,,,,,,
Plemenita,Plemenita ulica,,,,,,
Plemića Borelli,Ulica plemića Borelli,,,,,,
Pleternička,Pleternička ulica,,,,,,
Plešivička,Plešivička ulica,,,,,,
Plinarska,Plinarska ulica,,,,,,
Plinjanska,Plinjanska ulica,,,,,,
Plinska,Plinska ulica,,,,,,
Plitvička ul.,Plitvička ulica,,,,,,
Plivska,Plivska ulica,,,,,,
Plješevička,Plješevička ulica,,,,,,
Plješevička ul.,Plješevička ulica,,,,,,
Plješivička,Plješivička ulica,,,,,,
Plješivička ul.,Plješivička ulica,,,,,,
Plokata 19. travnja 1921,Ulica Plokata 19. travnja 1921.,,,,,,
Plominska,Plominska ulica,,,,,,
Pobjede,Ulica pobjede,,,,,,
Pobreška,Pobreška ulica,,,,,,
Podgoračka,Podgoračka ulica,,,,,,
Podgorska,Podgorska ulica,,,,,,
Podhumskih žrtava,Ulica podhumskih žrtava,,,,,,
Podunavska,Podunavska ulica,,,,,,
Poduzetnička,Poduzetnička ulica,,,,,,
Poginulih hrvatskih branitelja,Ulica poginulih hrvatskih branitelja,,,,,,
Poginulih Sukošanskih domoljuba,Ulica poginulih sukošanskih domoljuba,,,,,,
Pogradinska,Pogradinska ulica,,,,,,
Pojišanska,Pojišanska ulica,,,,,,
Polj. kneza Trpimira,Poljana kneza Trpimira,,,,,,
Polj. kraljice Jelene,Poljana kraljice Jelene,,,,,,
Polj. Zrinsk. i Frankop.,Poljana Zrinskih i Frankopana,,,,,,
Poljana dr. Franje Tuđmana,Poljana doktora Franje Tuđmana,,,,,,
Poljana Dragutina Gorjanovića-Krambergera,Poljana Dragutina Gorjanovića Krambergera,,,,,,
Poljana pape Aleksandra III,Poljana pape Aleksandra III.,,,,,,
Poljana pape Ivana Pavla II,Poljana pape Ivana Pavla II.,,,,,,
Poljana sv. Barnabe - Largo s. Barnaba,Poljana svetog Barnabe,,Largo San Barnaba,,,,
Poljana sv. Duha,Poljana Svetog Duha,,,,,,
Poljana Sv. Marije,Poljana svete Marije,,,,,,
Poljanska,Poljanska ulica,,,,,,
Poljičke kneževine,Ulica Poljičke kneževine,,,,,,
Poljičke Republike,Ulica Poljičke Republike,,,,,,
Poljoprivredne škole,Ulica Poljoprivredne škole,,,,,,
Poljska,Poljska ulica,,,,,,
Pomoraca,Ulica pomoraca,,,,,,
Pomoćnice kršćana,Ulica Pomoćnice kršćana,,,,,,
Popa Frana Volarića,Ulica popa Frana Volarića,,,,,,
Popa Ivana Feretića,Ulica popa Ivana Feretića,,,,,,
Popa Marka Mesića,Ulica popa Marka Mesića,,,,,,
Popa Petra Dorčića,Ulica popa Petra Dorčića,,,,,,
Popa Radovana,Ulica popa Radovana,,,,,,
Popa Šimuna Calića,Ulica popa Šimuna Calića,,,,,,
Popova,Popova ulica,,,,,,
Porečka,Porečka ulica,,,,,,
Porinova,Porinova ulica,,,,,,
Posavska,Posavska ulica,,,,,,
Postranjska,Postranjska ulica,,,,,,
Potočka,Potočka ulica,,,,,,
Potočna,Potočna ulica,,,,,,
Povilska,Povilska ulica,,,,,,
Poštanska,Poštanska ulica,,,,,,
Prapućanska,Prapućanska ulica,,,,,,
Praška,Praška ulica,,,,,,
Predraga Šumere,Ulica Predraga Šumere,,,,,,
Preloška,Preloška ulica,,,,,,
Premanturska,Premanturska ulica,,,,,,
Prenjska,Prenjska ulica,,,,,,
Preradovićeva,Preradovićeva ulica,,,,,,
Preradovićevo šet.,Preradovićevo šetalište,,,,,,
Presička,Presička ulica,,,,,,
Presvetog Trojstva,Ulica Presvetog Trojstva,,,,,,
Prečka,Prečka ulica,,,,,,
Prečna,Prečna ulica,,,,,,
Prgina,Prgina ulica,,,,,,
Prhovićeva,Prhovićeva ulica,,,,,,
Prhočka,Prhočka ulica,,,,,,
Prhutarska,Prhutarska ulica,,,,,,
Pridolska,Pridolska ulica,,,,,,
Pridvorska,Pridvorska ulica,,,,,,
Prigorska,Prigorska ulica,,,,,,
Prijedorska,Prijedorska ulica,,,,,,
Prilaz A. B. Šimića,Prilaz Antuna Branka Šimića,,,,,,
Prilaz dr. Franje Tuđmana,Prilaz doktora Franje Tuđmana,,,,,,
Prilaz dr. Josipa Jagodića,Prilaz doktora Josipa Jagodića,,,,,,
Prilaz dr. Vilka Ivekovića,Prilaz doktora Vilka Ivekovića,,,,,,
Prilaz Garešničkoj,Prilaz Garešničkoj ulici,,,,,,
Prilaz I Splitskoj ul.,Prilaz I. Splitskoj ulici,,,,,,
Prilaz kralja Salamona - Via Re Salomone,Prilaz kralja Salamona,,Via Re Salomone,,,,